Action,MatchKind,ContextKey,OldID,NewID,OldText,NewText,Occurrences,ActiveOccurrences,Packages,States,Locations,GameLocation,CandidateIDs,Applied
assign-mod-id,generated-context-not-in-game,CampaignPreset HotDiamonds display_name Sector name for F8,102139312765,890000000001452,Savanna Coast,Savanna Coast,1,1,jazz-maps,moditems,jazz-maps:items.lua:35548,,102139312765 | 504402203656 | 651631302344 | 686125655967 | 868894864770,yes
assign-mod-id,generated-context-not-in-game,CampaignPreset HotDiamonds display_name Sector name for N24,103040008364,890000000001453,Farmland,Farmland,1,1,jazz-maps,moditems,jazz-maps:items.lua:41755,,103040008364 | 126600612391 | 340166429972 | 568113508607 | 671801258616 | 696031593743 | 767396046195 | 847414401039 | 857182189161 | 960290634722,yes
assign-mod-id,generated-context-not-in-game,BanterDef Shared_Conversation_Legion_13_Outlook Text section:SharedOverheard_Custom/Shared_Conversation_Legion_13_Outlook Stealth hint banters voice:LegionBanterActor2,107400996028,890000000001454,Хрена с два. Мы для этого слишком хитрые.,Хрена с два. Мы для этого слишком хитрые.,1,1,jazz-maps,moditems,jazz-maps:items.lua:107935,,107400996028,yes
assign-mod-id,generated-context-not-in-game,CampaignPreset HotDiamonds display_name Sector name for B15,107689269757,890000000001455,Middle of Nowhere,Middle of Nowhere,1,1,jazz-maps,moditems,jazz-maps:items.lua:32189,,107689269757 | 878447905194,yes
restore-vanilla,generated-context,CampaignPreset HotDiamonds display_name Sector name for A9,109599909548,296385373440,Highlands,Highlands,1,1,jazz-maps,moditems,jazz-maps:items.lua:32082,CampaignPreset HotDiamonds display_name Sector name for A9,109599909548 | 214209723378 | 296385373440 | 368294662072 | 389232961179 | 623794348368 | 626295560563 | 964205144819,yes
assign-mod-id,generated-context-not-in-game,CampaignPreset HotDiamonds display_name Sector name for B11,109599909548,890000000001456,Highlands,Highlands,1,1,jazz-maps,moditems,jazz-maps:items.lua:32144,,109599909548 | 214209723378 | 296385373440 | 368294662072 | 389232961179 | 623794348368 | 626295560563 | 964205144819,yes
assign-mod-id,generated-context-not-in-game,CampaignPreset HotDiamonds display_name Sector name for C13,109599909548,890000000001456,Highlands,Highlands,1,1,jazz-maps,moditems,jazz-maps:items.lua:32712,,109599909548 | 214209723378 | 296385373440 | 368294662072 | 389232961179 | 623794348368 | 626295560563 | 964205144819,yes
assign-mod-id,generated-context-not-in-game,CampaignPreset HotDiamonds display_name Sector name for C27,109599909548,890000000001456,Highlands,Highlands,1,1,jazz-maps,moditems,jazz-maps:items.lua:33120,,109599909548 | 214209723378 | 296385373440 | 368294662072 | 389232961179 | 623794348368 | 626295560563 | 964205144819,yes
assign-mod-id,generated-context-not-in-game,CampaignPreset HotDiamonds display_name Sector name for B28,111536912824,890000000001457,The Eagle's Nest,The Eagle's Nest,1,1,jazz-maps,moditems,jazz-maps:items.lua:32434,,111536912824 | 130608926947,yes
assign-mod-id,generated-context-not-in-game,CampaignPreset HotDiamonds display_name Sector name for F20,115280237493,890000000001458,Cursed Forest,Cursed Forest,1,1,jazz-maps,moditems,jazz-maps:items.lua:35204,,115280237493 | 344714388063 | 414959957372 | 649302248086 | 786216029389 | 973521625755,yes
assign-mod-id,generated-context-not-in-game,Conversation Herman_1 KeywordT,118462598598,890000000001459,Get out of here,Get out of here,2,2,jazz-maps,moditems,jazz-maps:items.lua:22510 | jazz-maps:items.lua:22562,,118462598598,yes
assign-mod-id,generated-context-not-in-game,CampaignPreset HotDiamonds display_name Sector name for K22,119007272810,890000000001460,Bien Chien Island,Bien Chien Island,1,1,jazz-maps,moditems,jazz-maps:items.lua:39785,,119007272810 | 282699334168 | 452842482038,yes
assign-mod-id,generated-context-not-in-game,CampaignPreset HotDiamonds display_name Sector name for L27,123414445659,890000000001461,Great Forest,Great Forest,1,1,jazz-maps,moditems,jazz-maps:items.lua:40607,,123414445659 | 213555945745 | 250036862857 | 410045411963 | 471933787811 | 504986718282 | 521934355525 | 549167447088 | 656751822276 | 685169154774 | 707260253276 | 785169160617 | 809938488396 | 848825509009 | 879602359099,yes
assign-mod-id,generated-context-not-in-game,BanterDef Ernie_VillagerMale_18 Text section:Banters_Local_Ernie/Ernie_VillagerMale_18 Fort taken voice:CivilianMale_1,125772780842,890000000001462,"Вы ведь не позволите этим бандитам вновь занять <em>форт</em>, да? Там у берега самое рыбное место!","Вы ведь не позволите этим бандитам вновь занять <em>форт</em>, да? Там у берега самое рыбное место!",1,1,jazz-maps,moditems,jazz-maps:items.lua:107524,,125772780842,yes
assign-mod-id,generated-context-not-in-game,CampaignPreset HotDiamonds display_name Sector name for M26,126600612391,890000000001463,Farmland,Farmland,1,1,jazz-maps,moditems,jazz-maps:items.lua:41172,,103040008364 | 126600612391 | 340166429972 | 568113508607 | 671801258616 | 696031593743 | 767396046195 | 847414401039 | 857182189161 | 960290634722,yes
assign-mod-id,generated-context-not-in-game,CampaignPreset HotDiamonds display_name Sector name for H27,128516117143,890000000001464,Jungle River Bank,Jungle River Bank,1,1,jazz-maps,moditems,jazz-maps:items.lua:36956,,128516117143 | 160577757419 | 389634246053 | 491457898220 | 537668990878 | 544298596474 | 623601870272 | 626219260053 | 697092134355 | 797363541950 | 864553029424 | 893101227500,yes
assign-mod-id,,InventoryItemCompositeDef SkillMag_Marksmanship DisplayNamePlural,130303695300,890000000001465,Long Distance Relations,Long Distance Relations,2,2,jazz,loaded | moditems,jazz:InventoryItem/SkillMag_Marksmanship.lua:11 | jazz:items.lua:52552,,,yes
assign-mod-id,generated-context-not-in-game,CampaignPreset HotDiamonds display_name Sector name for C29,130761115220,890000000001466,Barrens,Barrens,1,1,jazz-maps,moditems,jazz-maps:items.lua:33136,,130761115220 | 354140743120 | 774425543634,yes
restore-vanilla,generated-context,BanterDef Ernie_Basil_01_approach Text section:Banters_Local_Ernie/Ernie_Basil_01_approach voice:Len,132730944600,132730944600,К чему нам готовиться?,Any idea what to expect?,1,1,jazz-maps,moditems,jazz-maps:items.lua:107785,"BanterDef Ernie_Basil_01_approach Text ",132730944600,yes
assign-mod-id,generated-context-not-in-game,CampaignPreset HotDiamonds display_name Sector name for I6,141041612699,890000000001467,The Rust,The Rust,1,1,jazz-maps,moditems,jazz-maps:items.lua:38098,,141041612699 | 235797842568 | 547312504228,yes
assign-mod-id,generated-context-not-in-game,BanterDef Shared_Conversation_Legion_13_Outlook Text section:SharedOverheard_Custom/Shared_Conversation_Legion_13_Outlook Stealth hint banters voice:LegionBanterActor1,144579990752,890000000001468,Да что Бастьен с парнями так долго? И вообще: там опять стреляли! План-то был прокрасться мимо охраны и похитить сучку.,Да что Бастьен с парнями так долго? И вообще: там опять стреляли! План-то был прокрасться мимо охраны и похитить сучку.,1,1,jazz-maps,moditems,jazz-maps:items.lua:107923,,144579990752,yes
assign-mod-id,generated-context-not-in-game,"BanterDef Ernie_VillagerFemale_13 Text section:Banters_Local_Ernie/Ernie_VillagerFemale_13 Fort not taken, world flip voice:CivilianFemale_1",144948164886,890000000001469,"Пожалуйста, отбейте <em>форт</em> у чужаков! Я знаю: они там занимаются секретными экспериментами. Хотят разработать страшный вирус, чтобы мы все сошли с ума!","Пожалуйста, отбейте <em>форт</em> у чужаков! Я знаю: они там занимаются секретными экспериментами. Хотят разработать страшный вирус, чтобы мы все сошли с ума!",1,1,jazz-maps,moditems,jazz-maps:items.lua:107396,,144948164886,yes
restore-vanilla,generated-context,BanterDef Ernie_Basil_04 Text section:Banters_Local_Ernie/Ernie_Basil_04 voice:PierreMerc,148036076357,148036076357,"Прости, что приложил к этому руку, дядя Базиль. Я не могу изменить прошлого, но одно я тебе обещаю: мы вышвырнем этих псов из «Адониса» с нашего острова и вернем форт его законным хозяевам - жителям Эрни.","I am sorry for my role in that, Uncle Basil. I cannot change the past, but I can promise you this: we will throw those Adonis dogs off the island, and the Fort will be given to its rightful owners - the people of Ernie.",1,1,jazz-maps,moditems,jazz-maps:items.lua:107834,"BanterDef Ernie_Basil_04 Text ",148036076357,yes
restore-vanilla,generated-context,CampaignPreset HotDiamonds display_name Sector name for D6,149503142162,149503142162,Окраины Пантагрюэля,Pantagruel Outskirts,1,1,jazz-maps,moditems,jazz-maps:items.lua:2186,CampaignPreset HotDiamonds display_name Sector name for D6,149503142162 | 583635322490,yes
assign-mod-id,generated-context-not-in-game,CampaignPreset HotDiamonds display_name Sector name for E14,149503142162,890000000001470,Окраины Пантагрюэля,Окраины Пантагрюэля,1,1,jazz-maps,moditems,jazz-maps:items.lua:34256,,149503142162 | 583635322490,yes
assign-mod-id,generated-context-not-in-game,BanterDef Ernie_Basil_01_approach Text section:Banters_Local_Ernie/Ernie_Basil_01_approach Fort not taken >> hint to Corazon location voice:GreasyBasil,158172305588,890000000001471,"Если я правильно помню, в форте был бункер, но его давно затопило. Судя по насосным станциям на тех грузовиках, она намеревалась откачать оттуда воду.","Если я правильно помню, в форте был бункер, но его давно затопило. Судя по насосным станциям на тех грузовиках, она намеревалась откачать оттуда воду.",1,1,jazz-maps,moditems,jazz-maps:items.lua:107796,,158172305588,yes
assign-mod-id,generated-context-not-in-game,BanterDef Ernie_Pierre_06 Text section:Banters_Local_Ernie/Ernie_Pierre_06 Fort not taken - NOT USED voice:Pierre,163925737506,890000000001472,Пора разобраться с <em>Сантьяго</em>. Когда соберетесь штурмовать форт - рейнджеры Эрни вам помогут.,Пора разобраться с <em>Сантьяго</em>. Когда соберетесь штурмовать форт - рейнджеры Эрни вам помогут.,1,1,jazz-maps,moditems,jazz-maps:items.lua:107593,,163925737506,yes
assign-mod-id,generated-context-not-in-game,CampaignPreset HotDiamonds display_name Sector name for K26,173354836621,890000000001473,Middle of Somewhere,Middle of Somewhere,1,1,jazz-maps,moditems,jazz-maps:items.lua:39856,,173354836621,yes
assign-mod-id,generated-context-not-in-game,CampaignPreset HotDiamonds display_name Sector name for N29,173354836621,890000000001473,Middle of Somewhere,Middle of Somewhere,1,1,jazz-maps,moditems,jazz-maps:items.lua:41849,,173354836621,yes
restore-vanilla,generated-context,CampaignPreset HotDiamonds display_name Sector name for C3,179638259190,978432263239,Кладбище Брокенхилл,Broken Hill Cemetery,1,1,jazz-maps,moditems,jazz-maps:items.lua:2426,CampaignPreset HotDiamonds display_name Sector name for C3,978432263239,yes
assign-mod-id,generated-context-not-in-game,CampaignPreset HotDiamonds display_name Sector name for H14,182607269744,890000000001474,Mfumu's Mine,Mfumu's Mine,1,1,jazz-maps,moditems,jazz-maps:items.lua:36605,,182607269744,yes
assign-mod-id,generated-context-not-in-game,BanterDef Ernie_Basil_04 Text section:Banters_Local_Ernie/Ernie_Basil_04 Fort not taken voice:GreasyBasil,185741479535,890000000001475,"Покуда эти ненасытные мерзавцы из <em>«Адониса»</em> сидят в <em>форте Ло-Блё</em>, нам не будет покоя. Повторяется история с Легионом: они отбирают у нас всё, что им заблагорассудится.","Покуда эти ненасытные мерзавцы из <em>«Адониса»</em> сидят в <em>форте Ло-Блё</em>, нам не будет покоя. Повторяется история с Легионом: они отбирают у нас всё, что им заблагорассудится.",1,1,jazz-maps,moditems,jazz-maps:items.lua:107827,,185741479535,yes
assign-mod-id,generated-context-not-in-game,CampaignPreset HotDiamonds display_name Sector name for K4,185948484340,890000000001476,Flag Hill,Flag Hill,1,1,jazz-maps,moditems,jazz-maps:items.lua:40029,,185948484340,yes
assign-mod-id,generated-context-not-in-game,CampaignPreset HotDiamonds display_name Sector name for A4,189910903608,890000000001477,Diamond Red,Diamond Red,1,1,jazz-maps,moditems,jazz-maps:items.lua:31921,,189910903608,yes
assign-mod-id,generated-context-not-in-game,CampaignPreset HotDiamonds display_name Sector name for G9,191576416065,890000000001478,Côte d'Azur,Côte d'Azur,1,1,jazz-maps,moditems,jazz-maps:items.lua:36444,,191576416065 | 346335410627,yes
assign-mod-id,generated-context-not-in-game,BanterDef Shared_Conversation_Legion_07_Ernie Text section:SharedOverheard_Enemies/Shared_Conversation_Legion_07_Ernie not taken Ernie Fort voice:LegionMale_1,202191780131,890000000001479,"Да пошел ты! Первая же шашка, какую найду, отправится прямиком в ТВОЙ зад!","Да пошел ты! Первая же шашка, какую найду, отправится прямиком в ТВОЙ зад!",1,1,jazz-maps,moditems,jazz-maps:items.lua:107979,,202191780131,yes
assign-mod-id,generated-context-not-in-game,"BanterDef Ernie_VillagerMale_19 Text section:Banters_Local_Ernie/Ernie_VillagerMale_19 Fort taken, world flip voice:CivilianMale_2",205854929753,890000000001480,"Отнекивайтесь сколько угодно. Я-то знаю, что масоны с вас взяли расписку о неразглашении.","Отнекивайтесь сколько угодно. Я-то знаю, что масоны с вас взяли расписку о неразглашении.",1,1,jazz-maps,moditems,jazz-maps:items.lua:107570,,205854929753,yes
assign-mod-id,generated-context-not-in-game,CampaignPreset HotDiamonds display_name Sector name for L15,209909493905,890000000001481,Camp La Barrière,Camp La Barrière,1,1,jazz-maps,moditems,jazz-maps:items.lua:40265,,209909493905 | 498988722915,yes
assign-mod-id,,InventoryItemCompositeDef SkillMag_Health DisplayName,211277073057,890000000001482,An Apple a Day,An Apple a Day,2,2,jazz,loaded | moditems,jazz:InventoryItem/SkillMag_Health.lua:10 | jazz:items.lua:52498,,,yes
assign-mod-id,generated-context-not-in-game,CampaignPreset HotDiamonds display_name Sector name for I15,212115428613,890000000001483,Jungle,Jungle,1,1,jazz-maps,moditems,jazz-maps:items.lua:37302,,212115428613 | 479373881405 | 550382054096 | 567363836892,yes
assign-mod-id,generated-context-not-in-game,CampaignPreset HotDiamonds display_name Sector name for I22,213555945745,890000000001484,Great Forest,Great Forest,1,1,jazz-maps,moditems,jazz-maps:items.lua:37532,,123414445659 | 213555945745 | 250036862857 | 410045411963 | 471933787811 | 504986718282 | 521934355525 | 549167447088 | 656751822276 | 685169154774 | 707260253276 | 785169160617 | 809938488396 | 848825509009 | 879602359099,yes
restore-vanilla,generated-context,BanterDef Ernie_VillagerMale_19 Text section:Banters_Local_Ernie/Ernie_VillagerMale_19 voice:Sidney,227014618373,227014618373,Скажете тоже... Как вам это только в голову взбрело?,My good man... What the devil are you talking about?,1,1,jazz-maps,moditems,jazz-maps:items.lua:107555,"BanterDef Ernie_VillagerMale_19 Text ",227014618373,yes
assign-mod-id,generated-context-not-in-game,CampaignPreset HotDiamonds display_name Sector name for A26,230692696131,890000000001485,Landsbach,Landsbach,1,1,jazz-maps,moditems,jazz-maps:items.lua:31792,,230692696131 | 500733625274 | 595580526025,yes
assign-mod-id,generated-context-not-in-game,Conversation Herman_1 KeywordT,236527406375,890000000001486,CombatRedirect,CombatRedirect,1,1,jazz-maps,moditems,jazz-maps:items.lua:22621,,236527406375,yes
assign-mod-id,generated-context-not-in-game,Conversation Deedee KeywordT,242677370659,890000000001487,Are you okay?,Are you okay?,1,1,jazz-maps,moditems,jazz-maps:items.lua:24023,,242677370659,yes
assign-mod-id,generated-context-not-in-game,CampaignPreset HotDiamonds display_name Sector name for A25,246964272688,890000000001488,Drachenberg Mine,Drachenberg Mine,1,1,jazz-maps,moditems,jazz-maps:items.lua:31714,,246964272688,yes
assign-mod-id,generated-context-not-in-game,CampaignPreset HotDiamonds display_name Sector name for I22_Underground,247989068796,890000000001489,Secret Tunnel,Secret Tunnel,1,1,jazz-maps,moditems,jazz-maps:items.lua:37560,,247989068796,yes
assign-mod-id,generated-context-not-in-game,CampaignPreset HotDiamonds display_name Sector name for H23,250036862857,890000000001490,Great Forest,Great Forest,1,1,jazz-maps,moditems,jazz-maps:items.lua:36858,,123414445659 | 213555945745 | 250036862857 | 410045411963 | 471933787811 | 504986718282 | 521934355525 | 549167447088 | 656751822276 | 685169154774 | 707260253276 | 785169160617 | 809938488396 | 848825509009 | 879602359099,yes
assign-mod-id,generated-context-not-in-game,CampaignPreset HotDiamonds display_name Sector name for H22,253851641741,890000000001491,Old Fortifications,Old Fortifications,1,1,jazz-maps,moditems,jazz-maps:items.lua:36817,,253851641741,yes
assign-mod-id,generated-context-not-in-game,CampaignPreset HotDiamonds display_name Sector name for I16,255718656499,890000000001492,Abandoned Mansion,Abandoned Mansion,1,1,jazz-maps,moditems,jazz-maps:items.lua:37324,,255718656499,yes
assign-mod-id,generated-context-not-in-game,CampaignPreset HotDiamonds display_name Sector name for F9,258117774774,890000000001493,Savanna,Savanna,1,1,jazz-maps,moditems,jazz-maps:items.lua:35574,,105404009840 | 258117774774 | 293659664903 | 342048825717 | 352010995873 | 503047310675 | 682201321520 | 718471746619 | 771114970857 | 791011159552 | 806536099316 | 821862654085 | 849017194251 | 932097434495 | 939347628749 | 939476433141 | 991978958821,yes
assign-mod-id,,InventoryItemCompositeDef SkillMag_Marksmanship DisplayName,262432851703,890000000001494,Long Distance Relations,Long Distance Relations,2,2,jazz,loaded | moditems,jazz:InventoryItem/SkillMag_Marksmanship.lua:10 | jazz:items.lua:52551,,,yes
restore-vanilla,generated-context,BanterDef Ernie_VillagerMale_05 Text section:Banters_Local_Ernie/Ernie_VillagerMale_05 voice:CivilianMale_2,270674515672,270674515672,"Говорят, в <em>Жестянке</em> можно найти немало металлолома.",I heard there's some good scrap you can find out in the <em>Rust</em>.,1,1,jazz-maps,moditems,jazz-maps:items.lua:107452,"BanterDef Ernie_VillagerMale_05 Text ",270674515672,yes
assign-mod-id,generated-context-not-in-game,CampaignPreset HotDiamonds display_name Sector name for D26,271555251523,890000000001495,Stone Stairs,Stone Stairs,1,1,jazz-maps,moditems,jazz-maps:items.lua:33778,,271555251523,yes
assign-mod-id,,InventoryItemCompositeDef SkillMag_Wisdom DisplayName,281562344902,890000000001496,Grilled Bears' Survival Guide,Grilled Bears' Survival Guide,2,2,jazz,loaded | moditems,jazz:InventoryItem/SkillMag_Wisdom.lua:10 | jazz:items.lua:52658,,,yes
assign-mod-id,generated-context-not-in-game,BanterDef Shared_Conversation_Legion_07_Ernie Text section:SharedOverheard_Enemies/Shared_Conversation_Legion_07_Ernie not taken Ernie Fort voice:LegionMale_1,282692747253,890000000001497,Давай сладкую ложь.,Давай сладкую ложь.,1,1,jazz-maps,moditems,jazz-maps:items.lua:107963,,282692747253,yes
assign-mod-id,generated-context-not-in-game,CampaignPreset HotDiamonds display_name Sector name for K23,282699334168,890000000001498,Bien Chien Island,Bien Chien Island,1,1,jazz-maps,moditems,jazz-maps:items.lua:39811,,119007272810 | 282699334168 | 452842482038,yes
restore-vanilla,generated-context,BanterDef Ernie_Billy_07 Text section:Banters_Local_Ernie/Ernie_Billy_07 voice:Blood,291022849378,291022849378,"Что? Ты что, за мной следил?",How did you know that? Have you been watching me?,1,1,jazz-maps,moditems,jazz-maps:items.lua:107657,"BanterDef Ernie_Billy_07 Text ",291022849378,yes
assign-mod-id,generated-context-not-in-game,CampaignPreset HotDiamonds display_name Sector name for C12,292780704413,890000000001499,The PitStop,The PitStop,1,1,jazz-maps,moditems,jazz-maps:items.lua:32686,,292780704413,yes
assign-mod-id,generated-context-not-in-game,CampaignPreset HotDiamonds display_name Sector name for G14,293659664903,890000000001500,Savanna,Savanna,1,1,jazz-maps,moditems,jazz-maps:items.lua:35812,,105404009840 | 258117774774 | 293659664903 | 342048825717 | 352010995873 | 503047310675 | 682201321520 | 718471746619 | 771114970857 | 791011159552 | 806536099316 | 821862654085 | 849017194251 | 932097434495 | 939347628749 | 939476433141 | 991978958821,yes
restore-vanilla,generated-context,BanterDef Ernie_Billy_07 Text section:Banters_Local_Ernie/Ernie_Billy_07 voice:Igor,297696721772,297696721772,"Да. Смотри, не разболтай мой план. Будешь держать язык за зубами - попрошу объявить тебе благодарность.","That is my plan, but you must never speak of it. If you are very quiet, I will make sure you get commendation.",1,1,jazz-maps,moditems,jazz-maps:items.lua:107665,"BanterDef Ernie_Billy_07 Text ",297696721772,yes
assign-mod-id,generated-context-not-in-game,CampaignPreset HotDiamonds display_name Sector name for B26,297775590352,890000000001501,River,River,1,1,jazz-maps,moditems,jazz-maps:items.lua:32404,,125315535008 | 138039821738 | 145916796360 | 179895923768 | 234392643712 | 297775590352 | 372463804281 | 436897165430 | 457686958031 | 490578902610 | 786098989730 | 801598516866 | 807761381392 | 848078836283 | 862044633053 | 890689046462 | 947087853314 | 997658827929,yes
assign-mod-id,generated-context-not-in-game,CampaignPreset HotDiamonds display_name Sector name for K20,297775590352,890000000001501,River,River,1,1,jazz-maps,moditems,jazz-maps:items.lua:39676,,125315535008 | 138039821738 | 145916796360 | 179895923768 | 234392643712 | 297775590352 | 372463804281 | 436897165430 | 457686958031 | 490578902610 | 786098989730 | 801598516866 | 807761381392 | 848078836283 | 862044633053 | 890689046462 | 947087853314 | 997658827929,yes
assign-mod-id,generated-context-not-in-game,CampaignPreset HotDiamonds display_name Sector name for K25,297775590352,890000000001501,River,River,1,1,jazz-maps,moditems,jazz-maps:items.lua:39840,,125315535008 | 138039821738 | 145916796360 | 179895923768 | 234392643712 | 297775590352 | 372463804281 | 436897165430 | 457686958031 | 490578902610 | 786098989730 | 801598516866 | 807761381392 | 848078836283 | 862044633053 | 890689046462 | 947087853314 | 997658827929,yes
assign-mod-id,generated-context-not-in-game,CampaignPreset HotDiamonds display_name Sector name for L12,297775590352,890000000001501,River,River,1,1,jazz-maps,moditems,jazz-maps:items.lua:40224,,125315535008 | 138039821738 | 145916796360 | 179895923768 | 234392643712 | 297775590352 | 372463804281 | 436897165430 | 457686958031 | 490578902610 | 786098989730 | 801598516866 | 807761381392 | 848078836283 | 862044633053 | 890689046462 | 947087853314 | 997658827929,yes
assign-mod-id,generated-context-not-in-game,CampaignPreset HotDiamonds display_name Sector name for L14,297775590352,890000000001501,River,River,1,1,jazz-maps,moditems,jazz-maps:items.lua:40248,,125315535008 | 138039821738 | 145916796360 | 179895923768 | 234392643712 | 297775590352 | 372463804281 | 436897165430 | 457686958031 | 490578902610 | 786098989730 | 801598516866 | 807761381392 | 848078836283 | 862044633053 | 890689046462 | 947087853314 | 997658827929,yes
assign-mod-id,generated-context-not-in-game,CampaignPreset HotDiamonds display_name Sector name for L20,297775590352,890000000001501,River,River,1,1,jazz-maps,moditems,jazz-maps:items.lua:40500,,125315535008 | 138039821738 | 145916796360 | 179895923768 | 234392643712 | 297775590352 | 372463804281 | 436897165430 | 457686958031 | 490578902610 | 786098989730 | 801598516866 | 807761381392 | 848078836283 | 862044633053 | 890689046462 | 947087853314 | 997658827929,yes
assign-mod-id,generated-context-not-in-game,CampaignPreset HotDiamonds display_name Sector name for L21,297775590352,890000000001501,River,River,1,1,jazz-maps,moditems,jazz-maps:items.lua:40514,,125315535008 | 138039821738 | 145916796360 | 179895923768 | 234392643712 | 297775590352 | 372463804281 | 436897165430 | 457686958031 | 490578902610 | 786098989730 | 801598516866 | 807761381392 | 848078836283 | 862044633053 | 890689046462 | 947087853314 | 997658827929,yes
assign-mod-id,generated-context-not-in-game,CampaignPreset HotDiamonds display_name Sector name for L22,297775590352,890000000001501,River,River,1,1,jazz-maps,moditems,jazz-maps:items.lua:40528,,125315535008 | 138039821738 | 145916796360 | 179895923768 | 234392643712 | 297775590352 | 372463804281 | 436897165430 | 457686958031 | 490578902610 | 786098989730 | 801598516866 | 807761381392 | 848078836283 | 862044633053 | 890689046462 | 947087853314 | 997658827929,yes
assign-mod-id,generated-context-not-in-game,CampaignPreset HotDiamonds display_name Sector name for L23,297775590352,890000000001501,River,River,1,1,jazz-maps,moditems,jazz-maps:items.lua:40542,,125315535008 | 138039821738 | 145916796360 | 179895923768 | 234392643712 | 297775590352 | 372463804281 | 436897165430 | 457686958031 | 490578902610 | 786098989730 | 801598516866 | 807761381392 | 848078836283 | 862044633053 | 890689046462 | 947087853314 | 997658827929,yes
assign-mod-id,generated-context-not-in-game,CampaignPreset HotDiamonds display_name Sector name for L24,297775590352,890000000001501,River,River,1,1,jazz-maps,moditems,jazz-maps:items.lua:40556,,125315535008 | 138039821738 | 145916796360 | 179895923768 | 234392643712 | 297775590352 | 372463804281 | 436897165430 | 457686958031 | 490578902610 | 786098989730 | 801598516866 | 807761381392 | 848078836283 | 862044633053 | 890689046462 | 947087853314 | 997658827929,yes
assign-mod-id,generated-context-not-in-game,CampaignPreset HotDiamonds display_name Sector name for L25,297775590352,890000000001501,River,River,1,1,jazz-maps,moditems,jazz-maps:items.lua:40570,,125315535008 | 138039821738 | 145916796360 | 179895923768 | 234392643712 | 297775590352 | 372463804281 | 436897165430 | 457686958031 | 490578902610 | 786098989730 | 801598516866 | 807761381392 | 848078836283 | 862044633053 | 890689046462 | 947087853314 | 997658827929,yes
assign-mod-id,,InventoryItemCompositeDef SkillMag_Health DisplayNamePlural,312204213439,890000000001502,An Apple a Day,An Apple a Day,2,2,jazz,loaded | moditems,jazz:InventoryItem/SkillMag_Health.lua:11 | jazz:items.lua:52499,,,yes
assign-mod-id,generated-context-not-in-game,CampaignPreset HotDiamonds display_name Sector name for O13,323317575390,890000000001503,The Dump,The Dump,1,1,jazz-maps,moditems,jazz-maps:items.lua:42048,,323317575390 | 979834871474,yes
assign-mod-id,generated-context-not-in-game,Conversation Pierre_2 KeywordT,328092960140,890000000001504,Redirect,Redirect,4,4,jazz-maps,moditems,jazz-maps:items.lua:13738 | jazz-maps:items.lua:19401 | jazz-maps:items.lua:23444 | jazz-maps:items.lua:27054,,328092960140,yes
assign-mod-id,generated-context-not-in-game,CampaignPreset HotDiamonds display_name Sector name for I16_Underground,330382796368,890000000001505,Mansion Cellar,Mansion Cellar,1,1,jazz-maps,moditems,jazz-maps:items.lua:37362,,330382796368,yes
assign-mod-id,,InventoryItemCompositeDef SkillMag_Wisdom DisplayNamePlural,338161393803,890000000001506,Grilled Bears' Survival Guide,Grilled Bears' Survival Guide,2,2,jazz,loaded | moditems,jazz:InventoryItem/SkillMag_Wisdom.lua:11 | jazz:items.lua:52659,,,yes
assign-mod-id,generated-context-not-in-game,"BanterDef Ernie_Billy_09 Text section:Banters_Local_Ernie/Ernie_Billy_09 world flip, Fort taken voice:BillyBoy",339720391638,890000000001507,"Я попрошу Базиля построить в форте тир для базук, чтобы вы смогли устраивать там стрельбища!","Я попрошу Базиля построить в форте тир для базук, чтобы вы смогли устраивать там стрельбища!",1,1,jazz-maps,moditems,jazz-maps:items.lua:107718,,339720391638,yes
assign-mod-id,generated-context-not-in-game,CampaignPreset HotDiamonds display_name Sector name for G23,344714388063,890000000001508,Cursed Forest,Cursed Forest,1,1,jazz-maps,moditems,jazz-maps:items.lua:36068,,115280237493 | 344714388063 | 414959957372 | 649302248086 | 786216029389 | 973521625755,yes
restore-vanilla,generated-context,BanterDef Martha_02_PostLynch_Herman Text section:Banters_Local_Ernie/Martha_02_PostLynch_Herman voice:Martha,347177621288,347177621288,"А ведь я предупреждала. Говорила: «‎Герман! Держись подальше от этой Диди, она тебя погубит!» И я была права.","I told him. I said, ""Herman! You stay away from that Deedee or it'll be the death of you!"" Well, I was right.",1,1,jazz-maps,moditems,jazz-maps:items.lua:107274,"BanterDef Martha_02_PostLynch_Herman Text ",347177621288,yes
restore-vanilla,generated-context,BanterDef Ernie_VillagerMale_19 Text section:Banters_Local_Ernie/Ernie_VillagerMale_19 voice:Shadow,347219299427,347219299427,"Мы не можем ни подтвердить, ни опровергнуть информацию о секретной установке по управлению погодой.",I can neither confirm nor deny the existence of a secret weather control device.,1,1,jazz-maps,moditems,jazz-maps:items.lua:107563,"BanterDef Ernie_VillagerMale_19 Text ",347219299427,yes
assign-mod-id,generated-context-not-in-game,CampaignPreset HotDiamonds display_name Sector name for G13,352010995873,890000000001509,Savanna,Savanna,1,1,jazz-maps,moditems,jazz-maps:items.lua:35791,,105404009840 | 258117774774 | 293659664903 | 342048825717 | 352010995873 | 503047310675 | 682201321520 | 718471746619 | 771114970857 | 791011159552 | 806536099316 | 821862654085 | 849017194251 | 932097434495 | 939347628749 | 939476433141 | 991978958821,yes
assign-mod-id,generated-context-not-in-game,CampaignPreset HotDiamonds display_name Sector name for C22,354140743120,890000000001510,Barrens,Barrens,1,1,jazz-maps,moditems,jazz-maps:items.lua:32979,,130761115220 | 354140743120 | 774425543634,yes
assign-mod-id,generated-context-not-in-game,BanterDef Herman_03_Lynch Text section:Banters_Local_Ernie/Herman_03_Lynch (whispering) voice:Herman,358005945497,890000000001511,"Пожалуйста, не говорите им! Умоляю!","Пожалуйста, не говорите им! Умоляю!",1,1,jazz-maps,moditems,jazz-maps:items.lua:107076,,358005945497,yes
restore-vanilla,generated-context,CampaignPreset HotDiamonds display_name Sector name for C12,362300472642,699044440017,Берег реки в саванне,Savanna River Bank,1,1,jazz-maps,moditems,jazz-maps:items.lua:2044,CampaignPreset HotDiamonds display_name Sector name for C12,699044440017 | 813854540497,yes
assign-mod-id,generated-context-not-in-game,CampaignPreset HotDiamonds display_name Sector name for H31,372265675362,890000000001512,Wassergrab Mining Area,Wassergrab Mining Area,1,1,jazz-maps,moditems,jazz-maps:items.lua:37054,,372265675362,yes
assign-mod-id,generated-context-not-in-game,CampaignPreset HotDiamonds display_name Sector name for D29,375119513470,890000000001513,Sturmwasser Island,Sturmwasser Island,1,1,jazz-maps,moditems,jazz-maps:items.lua:33926,,375119513470,yes
assign-mod-id,generated-context-not-in-game,CampaignPreset HotDiamonds display_name Sector name for J20,386849526320,890000000001514,Wetlands,Wetlands,1,1,jazz-maps,moditems,jazz-maps:items.lua:38905,,351722511561 | 386849526320 | 561638338312 | 868506312221 | 880605825419 | 905273324952 | 930443039355,yes
assign-mod-id,generated-context-not-in-game,CampaignPreset HotDiamonds display_name Sector name for O20,389634246053,890000000001515,Jungle River Bank,Jungle River Bank,1,1,jazz-maps,moditems,jazz-maps:items.lua:42295,,128516117143 | 160577757419 | 389634246053 | 491457898220 | 537668990878 | 544298596474 | 623601870272 | 626219260053 | 697092134355 | 797363541950 | 864553029424 | 893101227500,yes
assign-mod-id,generated-context-not-in-game,CampaignPreset HotDiamonds display_name Sector name for P9,389634246053,890000000001515,Jungle River Bank,Jungle River Bank,1,1,jazz-maps,moditems,jazz-maps:items.lua:43252,,128516117143 | 160577757419 | 389634246053 | 491457898220 | 537668990878 | 544298596474 | 623601870272 | 626219260053 | 697092134355 | 797363541950 | 864553029424 | 893101227500,yes
restore-vanilla,generated-context,CampaignPreset HotDiamonds display_name Sector name for D4,394862111109,849017194251,Саванна,Savanna,1,1,jazz-maps,moditems,jazz-maps:items.lua:1812,CampaignPreset HotDiamonds display_name Sector name for D4,105404009840 | 258117774774 | 293659664903 | 342048825717 | 352010995873 | 503047310675 | 682201321520 | 718471746619 | 771114970857 | 791011159552 | 806536099316 | 821862654085 | 849017194251 | 932097434495 | 939347628749 | 939476433141 | 991978958821,yes
restore-vanilla,generated-context,BanterDef StealthTutorialNPC_01 Text section:Banters_Local_Ernie_Triggered/StealthTutorialNPC_01 voice:CivilianMale_1,405688224355,405688224355,Здесь их полно... Они застрелили <em>Тинхея</em> и схватили <em>Германа</em>. А я... я решил смыться. Но в деревне их целая куча! Вы сможете <em>подкрасться</em> и перестрелять их?,"The village is full of them... They shot <em>Tinhay</em> and took <em>Herman</em>, and... I decided to sneak away. But there are more of them here! You will <em>sneak up</em> on them and shoot them, right?",1,1,jazz-maps,moditems,jazz-maps:items.lua:108003,"BanterDef StealthTutorialNPC_01 Text ",405688224355,yes
restore-vanilla,generated-context,BanterDef Ernie_Basil_01_approach Text section:Banters_Local_Ernie/Ernie_Basil_01_approach voice:Raven,406545461879,406545461879,"Что-то мне подсказывает, она не поле для мини-гольфа там устраивает.",I'm guessing she didn't do that just to install a miniature golf course.,1,1,jazz-maps,moditems,jazz-maps:items.lua:107789,"BanterDef Ernie_Basil_01_approach Text ",406545461879,yes
restore-vanilla,generated-context,GuardpostObjective Bastien DescriptionCompleted,412367823038,412367823038,<em>Бандиты Бастьена</em> больше не будут помогать своим дружкам из Легиона,<em>Bastien's goons</em> won't be helping their Legion friends,1,1,jazz-maps,moditems,jazz-maps:items.lua:108087,GuardpostObjective Bastien DescriptionCompleted,412367823038,yes
assign-mod-id,generated-context-not-in-game,BanterDef Shared_Conversation_Civilians_19_Ernie Text section:SharedOverheard_Civilians/Shared_Conversation_Civilians_19_Ernie >> +1 Militia at the Fort voice:CivilianMale_1,415122588518,890000000001516,"Говорят, в форте набирают ополчение. Я, пожалуй, запишусь.","Говорят, в форте набирают ополчение. Я, пожалуй, запишусь.",1,1,jazz-maps,moditems,jazz-maps:items.lua:107885,,415122588518,yes
assign-mod-id,generated-context-not-in-game,CampaignPreset HotDiamonds display_name Sector name for C24,426114319628,890000000001517,Dead Animal Crossing,Dead Animal Crossing,1,1,jazz-maps,moditems,jazz-maps:items.lua:33043,,426114319628,yes
assign-mod-id,generated-context-not-in-game,CampaignPreset HotDiamonds display_name Sector name for L17,435786085300,890000000001518,Fort Brigand,Fort Brigand,1,1,jazz-maps,moditems,jazz-maps:items.lua:40409,,435786085300,yes
assign-mod-id,generated-context-not-in-game,CampaignPreset HotDiamonds display_name Sector name for N13,451163287007,890000000001519,Port Cacao Docks,Port Cacao Docks,1,1,jazz-maps,moditems,jazz-maps:items.lua:41550,,236361251071 | 451163287007,yes
assign-mod-id,generated-context-not-in-game,CampaignPreset HotDiamonds display_name Sector name for C4,451604040075,890000000001520,Seagull Island,Seagull Island,1,1,jazz-maps,moditems,jazz-maps:items.lua:33209,,451604040075 | 912047207547,yes
assign-mod-id,generated-context-not-in-game,CampaignPreset HotDiamonds display_name Sector name for H29,452842482038,890000000001521,Bien Chien Island,Bien Chien Island,1,1,jazz-maps,moditems,jazz-maps:items.lua:36991,,119007272810 | 282699334168 | 452842482038,yes
assign-mod-id,generated-context-not-in-game,CampaignPreset HotDiamonds display_name Sector name for L17_Underground,465909367256,890000000001522,Underground Tunnel,Underground Tunnel,1,1,jazz-maps,moditems,jazz-maps:items.lua:40444,,465909367256,yes
assign-mod-id,generated-context-not-in-game,CampaignPreset HotDiamonds display_name Sector name for J7,468789385226,890000000001523,Emerald Coast,Emerald Coast,1,1,jazz-maps,moditems,jazz-maps:items.lua:39313,,468789385226,yes
restore-vanilla,generated-context,GuardpostObjective Bastien Description,469611849036,469611849036,Разберитесь с <em>Бастьеном</em> и его семьей,Deal with <em>Bastien</em> and his family,1,1,jazz-maps,moditems,jazz-maps:items.lua:108086,GuardpostObjective Bastien Description,469611849036,yes
assign-mod-id,generated-context-not-in-game,CampaignPreset HotDiamonds display_name Sector name for P11,471933787811,890000000001524,Great Forest,Great Forest,1,1,jazz-maps,moditems,jazz-maps:items.lua:42602,,123414445659 | 213555945745 | 250036862857 | 410045411963 | 471933787811 | 504986718282 | 521934355525 | 549167447088 | 656751822276 | 685169154774 | 707260253276 | 785169160617 | 809938488396 | 848825509009 | 879602359099,yes
assign-mod-id,generated-context-not-in-game,CampaignPreset HotDiamonds display_name Sector name for H18,473242751429,890000000001525,Fleatown La Boue,Fleatown La Boue,1,1,jazz-maps,moditems,jazz-maps:items.lua:36698,,473242751429,yes
restore-vanilla,generated-context,BanterDef Ernie_VillagerMale_17 Text section:Banters_Local_Ernie/Ernie_VillagerMale_17 voice:Scully,473513140256,473513140256,Не переживай. Моря на всех хватит. По опыту говорю.,"Don't worry, mate. There's plenty of fish in the sea. Trust me.",1,1,jazz-maps,moditems,jazz-maps:items.lua:107496,"BanterDef Ernie_VillagerMale_17 Text ",473513140256,yes
assign-mod-id,generated-context-not-in-game,CampaignPreset HotDiamonds display_name Sector name for H15,479373881405,890000000001526,Jungle,Jungle,1,1,jazz-maps,moditems,jazz-maps:items.lua:36650,,212115428613 | 479373881405 | 550382054096 | 567363836892,yes
assign-mod-id,generated-context-not-in-game,BanterDef Shared_Conversation_Legion_13_Outlook Text section:SharedOverheard_Custom/Shared_Conversation_Legion_13_Outlook Stealth hint banters voice:LegionBanterActor2,481606210176,890000000001527,"Да не дрейфь. Спорим, они туда прокрались, а потом решили их всё-таки снять. Или теперь просто добивают. Чтоб наверняка.","Да не дрейфь. Спорим, они туда прокрались, а потом решили их всё-таки снять. Или теперь просто добивают. Чтоб наверняка.",1,1,jazz-maps,moditems,jazz-maps:items.lua:107927,,481606210176,yes
assign-mod-id,generated-context-not-in-game,Conversation Jose_1 KeywordT,482976736771,890000000001528,Die!,Die!,4,4,jazz-maps,moditems,jazz-maps:items.lua:17315 | jazz-maps:items.lua:18895 | jazz-maps:items.lua:22649 | jazz-maps:items.lua:25436,,201358055928 | 242465586968 | 436646718037 | 482976736771 | 504385615173 | 556356311385 | 576234899526 | 593080899412 | 610740141290 | 620033578293 | 648229087778 | 999773688396,yes
assign-mod-id,generated-context-not-in-game,CampaignPreset HotDiamonds display_name Sector name for J17,491457898220,890000000001529,Jungle River Bank,Jungle River Bank,1,1,jazz-maps,moditems,jazz-maps:items.lua:38816,,128516117143 | 160577757419 | 389634246053 | 491457898220 | 537668990878 | 544298596474 | 623601870272 | 626219260053 | 697092134355 | 797363541950 | 864553029424 | 893101227500,yes
assign-mod-id,generated-context-not-in-game,CampaignPreset HotDiamonds display_name Sector name for J14,499129490679,890000000001530,Rimville,Rimville,1,1,jazz-maps,moditems,jazz-maps:items.lua:38473,,499129490679,yes
assign-mod-id,generated-context-not-in-game,CampaignPreset HotDiamonds display_name Sector name for F12,503047310675,890000000001531,Savanna,Savanna,1,1,jazz-maps,moditems,jazz-maps:items.lua:34855,,105404009840 | 258117774774 | 293659664903 | 342048825717 | 352010995873 | 503047310675 | 682201321520 | 718471746619 | 771114970857 | 791011159552 | 806536099316 | 821862654085 | 849017194251 | 932097434495 | 939347628749 | 939476433141 | 991978958821,yes
assign-mod-id,generated-context-not-in-game,CampaignPreset HotDiamonds display_name Sector name for G11,503047310675,890000000001531,Savanna,Savanna,1,1,jazz-maps,moditems,jazz-maps:items.lua:35635,,105404009840 | 258117774774 | 293659664903 | 342048825717 | 352010995873 | 503047310675 | 682201321520 | 718471746619 | 771114970857 | 791011159552 | 806536099316 | 821862654085 | 849017194251 | 932097434495 | 939347628749 | 939476433141 | 991978958821,yes
assign-mod-id,generated-context-not-in-game,CampaignPreset HotDiamonds display_name Sector name for J12,504402203656,890000000001532,Savanna Coast,Savanna Coast,1,1,jazz-maps,moditems,jazz-maps:items.lua:38427,,102139312765 | 504402203656 | 651631302344 | 686125655967 | 868894864770,yes
assign-mod-id,generated-context-not-in-game,CampaignPreset HotDiamonds display_name Sector name for L16,504986718282,890000000001533,Great Forest,Great Forest,1,1,jazz-maps,moditems,jazz-maps:items.lua:40360,,123414445659 | 213555945745 | 250036862857 | 410045411963 | 471933787811 | 504986718282 | 521934355525 | 549167447088 | 656751822276 | 685169154774 | 707260253276 | 785169160617 | 809938488396 | 848825509009 | 879602359099,yes
restore-vanilla,generated-context,CampaignPreset HotDiamonds display_name Sector name for A9,510202168289,296385373440,Горы,Highlands,1,1,jazz-maps,moditems,jazz-maps:items.lua:1691,CampaignPreset HotDiamonds display_name Sector name for A9,109599909548 | 214209723378 | 296385373440 | 368294662072 | 389232961179 | 623794348368 | 626295560563 | 964205144819,yes
restore-vanilla,generated-context,BanterDef Martha_02_PostLynch_Luc Text section:Banters_Local_Ernie/Martha_02_PostLynch_Luc voice:Martha,511249329533,511249329533,"Что ж, думаю, он получил по заслугам! Я забираю Германа с этого проклятого острова!","Well, I guess he got what he deserved! I'm taking my Herman away from this wretched island!",1,1,jazz-maps,moditems,jazz-maps:items.lua:107304,"BanterDef Martha_02_PostLynch_Luc Text ",511249329533,yes
assign-mod-id,generated-context-not-in-game,CampaignPreset HotDiamonds display_name Sector name for K32,514347454600,890000000001534,Twin Manors,Twin Manors,1,1,jazz-maps,moditems,jazz-maps:items.lua:40000,,514347454600,yes
assign-mod-id,generated-context-not-in-game,CampaignPreset HotDiamonds display_name Sector name for K21,520135539808,890000000001535,Camp Bien Chien,Camp Bien Chien,1,1,jazz-maps,moditems,jazz-maps:items.lua:39707,,520135539808,yes
restore-vanilla,generated-context,CampaignPreset HotDiamonds display_name Sector name for D9,535826827958,105404009840,Саванна,Savanna,1,1,jazz-maps,moditems,jazz-maps:items.lua:2256,CampaignPreset HotDiamonds display_name Sector name for D9,105404009840 | 258117774774 | 293659664903 | 342048825717 | 352010995873 | 503047310675 | 682201321520 | 718471746619 | 771114970857 | 791011159552 | 806536099316 | 821862654085 | 849017194251 | 932097434495 | 939347628749 | 939476433141 | 991978958821,yes
assign-mod-id,generated-context-not-in-game,BanterDef Shared_Conversation_Civilians_19_Ernie Text section:SharedOverheard_Civilians/Shared_Conversation_Civilians_19_Ernie >> +1 Militia at the Fort voice:CivilianMale_1,536245616721,890000000001536,"Да, точно. Сходи-ка ты за ним! Я... буду ждать тебя тут.","Да, точно. Сходи-ка ты за ним! Я... буду ждать тебя тут.",1,1,jazz-maps,moditems,jazz-maps:items.lua:107893,,536245616721,yes
restore-vanilla,generated-context,CampaignPreset HotDiamonds display_name Sector name for D19,542953130301,864553029424,Берег реки в джунглях,Jungle River Bank,1,1,jazz-maps,moditems,jazz-maps:items.lua:2582,CampaignPreset HotDiamonds display_name Sector name for D19,128516117143 | 160577757419 | 389634246053 | 491457898220 | 537668990878 | 544298596474 | 623601870272 | 626219260053 | 697092134355 | 797363541950 | 864553029424 | 893101227500,yes
restore-vanilla,generated-context,BanterDef Ernie_VillagerFemale_13 Text section:Banters_Local_Ernie/Ernie_VillagerFemale_13 voice:MD,543581619865,543581619865,Такого не может быть... Или может?,That can't be true... Can it?,1,1,jazz-maps,moditems,jazz-maps:items.lua:107403,"BanterDef Ernie_VillagerFemale_13 Text ",543581619865,yes
restore-vanilla,generated-context,CampaignPreset HotDiamonds display_name Sector name for B5,547505775524,791011159552,Саванна,Savanna,1,1,jazz-maps,moditems,jazz-maps:items.lua:1914,CampaignPreset HotDiamonds display_name Sector name for B5,105404009840 | 258117774774 | 293659664903 | 342048825717 | 352010995873 | 503047310675 | 682201321520 | 718471746619 | 771114970857 | 791011159552 | 806536099316 | 821862654085 | 849017194251 | 932097434495 | 939347628749 | 939476433141 | 991978958821,yes
assign-mod-id,generated-context-not-in-game,CampaignPreset HotDiamonds display_name Sector name for I18,549167447088,890000000001537,Great Forest,Great Forest,1,1,jazz-maps,moditems,jazz-maps:items.lua:37405,,123414445659 | 213555945745 | 250036862857 | 410045411963 | 471933787811 | 504986718282 | 521934355525 | 549167447088 | 656751822276 | 685169154774 | 707260253276 | 785169160617 | 809938488396 | 848825509009 | 879602359099,yes
assign-mod-id,generated-context-not-in-game,CampaignPreset HotDiamonds display_name Sector name for I6_Underground,549697085851,890000000001538,Bunker FB45-68,Bunker FB45-68,1,1,jazz-maps,moditems,jazz-maps:items.lua:38142,,549697085851,yes
assign-mod-id,generated-context-not-in-game,Conversation Pierre_1 KeywordT,556648424716,890000000001539,Yes,Yes,1,1,jazz-maps,moditems,jazz-maps:items.lua:12346,,1138 | 147627288183 | 556648424716 | 689884995409,yes
assign-mod-id,generated-context-not-in-game,Conversation Pierre_2 KeywordT,557225474228,890000000001540,Goodbye,Goodbye,24,24,jazz-maps,moditems,jazz-maps:items.lua:15474 | jazz-maps:items.lua:15503 | jazz-maps:items.lua:17453 | jazz-maps:items.lua:17529 | jazz-maps:items.lua:20048 | jazz-maps:items.lua:20566 | jazz-maps:items.lua:20581 | jazz-maps:items.lua:23097 | jazz-maps:items.lua:23530 | jazz-maps:items.lua:23972 | jazz-maps:items.lua:25606 | jazz-maps:items.lua:26738 | jazz-maps:items.lua:26754 | jazz-maps:items.lua:29142 | jazz-maps:items.lua:29160 | jazz-maps:items.lua:30018 | jazz-maps:items.lua:30176 | jazz-maps:items.lua:30462 | jazz-maps:items.lua:30979 | jazz-maps:items.lua:31123 | jazz-maps:items.lua:31244 | jazz-maps:items.lua:54531 | jazz-maps:items.lua:54552 | jazz-maps:items.lua:54630,,557225474228 | 848299426076,yes
restore-vanilla,generated-context,BanterDef Martha_01_Lynch Text section:Banters_Local_Ernie/Martha_01_Lynch voice:Martha,558745820525,558745820525,"Спасибо, что вырвали моего Германа из грязных лап Диди.",Thank you for pulling my Herman from that Deedee's filthy paws.,1,1,jazz-maps,moditems,jazz-maps:items.lua:107214,"BanterDef Martha_01_Lynch Text ",558745820525,yes
assign-mod-id,generated-context-not-in-game,CampaignPreset HotDiamonds display_name Sector name for E10,561867464607,890000000001541,Кам-Саван,Кам-Саван,1,1,jazz-maps,moditems,jazz-maps:items.lua:34127,,128287745811 | 561867464607,yes
restore-vanilla,generated-context,CampaignPreset HotDiamonds display_name Sector name for F7,561867464607,561867464607,Кам-Саван,Camp Savane,1,1,jazz-maps,moditems,jazz-maps:items.lua:2315,CampaignPreset HotDiamonds display_name Sector name for F7,128287745811 | 561867464607,yes
restore-vanilla,generated-context,CampaignPreset HotDiamonds display_name Sector name for C5,563315434102,108636137949,Лагерь браконьеров,Poacher Camp,1,1,jazz-maps,moditems,jazz-maps:items.lua:1872,CampaignPreset HotDiamonds display_name Sector name for C5,108636137949,yes
assign-mod-id,generated-context-not-in-game,CampaignPreset HotDiamonds display_name Sector name for N30,568113508607,890000000001542,Farmland,Farmland,1,1,jazz-maps,moditems,jazz-maps:items.lua:41887,,103040008364 | 126600612391 | 340166429972 | 568113508607 | 671801258616 | 696031593743 | 767396046195 | 847414401039 | 857182189161 | 960290634722,yes
restore-vanilla,generated-context,CampaignPreset HotDiamonds display_name Sector name for D7,580447225647,580447225647,Трущобы Пантагрюэля,Pantagruel Slums,1,1,jazz-maps,moditems,jazz-maps:items.lua:2143,CampaignPreset HotDiamonds display_name Sector name for D7,458587723778 | 580447225647,yes
assign-mod-id,generated-context-not-in-game,CampaignPreset HotDiamonds display_name Sector name for E15,580447225647,890000000001543,Трущобы Пантагрюэля,Трущобы Пантагрюэля,1,1,jazz-maps,moditems,jazz-maps:items.lua:34294,,458587723778 | 580447225647,yes
assign-mod-id,generated-context-not-in-game,BanterDef Shared_Conversation_Legion_07_Ernie Text section:SharedOverheard_Enemies/Shared_Conversation_Legion_07_Ernie not taken Ernie Fort voice:LegionMale_1,585192376306,890000000001544,"Чего ж тут сладкого-то? Ну, а суровая правда жизни?","Чего ж тут сладкого-то? Ну, а суровая правда жизни?",1,1,jazz-maps,moditems,jazz-maps:items.lua:107971,,585192376306,yes
assign-mod-id,generated-context-not-in-game,Conversation Jose_1 KeywordT,586177032721,890000000001545,Hands up!,Hands up!,6,6,jazz-maps,moditems,jazz-maps:items.lua:17090 | jazz-maps:items.lua:17183 | jazz-maps:items.lua:18521 | jazz-maps:items.lua:18572 | jazz-maps:items.lua:25369 | jazz-maps:items.lua:25591,,586177032721,yes
restore-vanilla,generated-context,CampaignPreset HotDiamonds display_name Sector name for D17,588901431087,588901431087,Иль-Мора,Ille Morat,1,1,jazz-maps,moditems,jazz-maps:items.lua:2476,CampaignPreset HotDiamonds display_name Sector name for D17,588901431087 | 621640415254 | 661116738236,yes
assign-mod-id,generated-context-not-in-game,CampaignPreset HotDiamonds display_name Sector name for F28,588901431087,890000000001546,Иль-Мора,Иль-Мора,1,1,jazz-maps,moditems,jazz-maps:items.lua:35356,,588901431087 | 621640415254 | 661116738236,yes
assign-mod-id,generated-context-not-in-game,CampaignPreset HotDiamonds display_name Sector name for D26_Underground,592602310517,890000000001547,Freeloader's Cavern,Freeloader's Cavern,1,1,jazz-maps,moditems,jazz-maps:items.lua:33813,,592602310517,yes
assign-mod-id,generated-context-not-in-game,CampaignPreset HotDiamonds display_name Sector name for C26,592928139416,890000000001548,Clifftop Overlook,Clifftop Overlook,1,1,jazz-maps,moditems,jazz-maps:items.lua:33089,,592928139416,yes
assign-mod-id,generated-context-not-in-game,"BanterDef Ernie_VillagerMale_19 Text section:Banters_Local_Ernie/Ernie_VillagerMale_19 Fort taken, world flip voice:CivilianMale_2",604838824711,890000000001549,"Это правда, что они там в <em>форте</em> конструировали установку, управляющую погодой?","Это правда, что они там в <em>форте</em> конструировали установку, управляющую погодой?",1,1,jazz-maps,moditems,jazz-maps:items.lua:107548,,604838824711,yes
assign-mod-id,generated-context-not-in-game,CampaignPreset HotDiamonds display_name Sector name for F13,605614248181,890000000001550,Refugee Camp,Refugee Camp,1,1,jazz-maps,moditems,jazz-maps:items.lua:34893,,211513219761 | 605614248181,yes
assign-mod-id,generated-context-not-in-game,CampaignPreset HotDiamonds display_name Sector name for C14,607387504891,890000000001551,Old Gas Station,Old Gas Station,1,1,jazz-maps,moditems,jazz-maps:items.lua:32739,,607387504891,yes
assign-mod-id,generated-context-not-in-game,BanterDef Shared_Conversation_Legion_13_Outlook Text section:SharedOverheard_Custom/Shared_Conversation_Legion_13_Outlook Stealth hint banters voice:LegionBanterActor1,611225710790,890000000001552,А если к нам так же кто-нибудь прокрадётся?,А если к нам так же кто-нибудь прокрадётся?,1,1,jazz-maps,moditems,jazz-maps:items.lua:107931,,611225710790,yes
assign-mod-id,generated-context-not-in-game,CampaignPreset HotDiamonds display_name Sector name for G22,612776379237,890000000001553,Camp Chien Sauvage,Camp Chien Sauvage,1,1,jazz-maps,moditems,jazz-maps:items.lua:35946,,375740490392 | 612776379237,yes
restore-vanilla,generated-context,GuardpostObjective Bunker DescriptionCompleted,613060088781,613060088781,Теперь оружие и боеприпасы из бункера не попадут в <em>форт Ло-Блё</em>,A stash of weapons and ammo won't be making its way to <em>Fort L'Eau Bleu</em>,1,1,jazz-maps,moditems,jazz-maps:items.lua:108034,GuardpostObjective Bunker DescriptionCompleted,613060088781,yes
assign-mod-id,,BanterDef Ernie_VillagerMale_05 Text section:Banters_Local_Ernie/Ernie_VillagerMale_05 voice:Vicki,630893818309,890000000001554,"Похоже, не повредит туда еще наведаться.","Похоже, не повредит туда еще наведаться.",1,1,jazz-maps,moditems,jazz-maps:items.lua:107456,,,yes
assign-mod-id,generated-context-not-in-game,CampaignPreset HotDiamonds display_name Sector name for I7,636794988947,890000000001555,Fort L'Eau Bleu,Fort L'Eau Bleu,1,1,jazz-maps,moditems,jazz-maps:items.lua:38165,,628569525444 | 636794988947,yes
restore-vanilla,generated-context,CampaignPreset HotDiamonds display_name Sector name for I8,642649418249,932097434495,Саванна,Savanna,1,1,jazz-maps,moditems,jazz-maps:items.lua:2282,CampaignPreset HotDiamonds display_name Sector name for I8,105404009840 | 258117774774 | 293659664903 | 342048825717 | 352010995873 | 503047310675 | 682201321520 | 718471746619 | 771114970857 | 791011159552 | 806536099316 | 821862654085 | 849017194251 | 932097434495 | 939347628749 | 939476433141 | 991978958821,yes
restore-vanilla,generated-context,BanterDef Ernie_Billy_10 Text section:Banters_Local_Ernie/Ernie_Billy_10 voice:Tex,644585210399,644585210399,"Уже, друг мой, уже!","They already have, my friend!",1,1,jazz-maps,moditems,jazz-maps:items.lua:107747,"BanterDef Ernie_Billy_10 Text ",644585210399,yes
assign-mod-id,generated-context-not-in-game,CampaignPreset HotDiamonds display_name Sector name for H19,647441593762,890000000001556,Fleatown Flea Market,Fleatown Flea Market,1,1,jazz-maps,moditems,jazz-maps:items.lua:36736,,647441593762,yes
assign-mod-id,generated-context-not-in-game,Conversation Pierre_2 KeywordT,647698836002,890000000001557,What happened to you?,What happened to you?,2,2,jazz-maps,moditems,jazz-maps:items.lua:14220 | jazz-maps:items.lua:14316,,647698836002,yes
assign-mod-id,generated-context-not-in-game,CampaignPreset HotDiamonds display_name Sector name for J28_Underground,648391059464,890000000001558,U-Bahn Station C,U-Bahn Station C,1,1,jazz-maps,moditems,jazz-maps:items.lua:39053,,648391059464,yes
restore-vanilla,generated-context,BanterDef Ernie_VillagerMale_19 Text section:Banters_Local_Ernie/Ernie_VillagerMale_19 voice:Ivan,650594671395,650594671395,Это секретная информация. Кыш!,Is not for you to know. Кыш!,1,1,jazz-maps,moditems,jazz-maps:items.lua:107559,"BanterDef Ernie_VillagerMale_19 Text ",650594671395,yes
assign-mod-id,generated-context-not-in-game,CampaignPreset HotDiamonds display_name Sector name for H10,651631302344,890000000001559,Savanna Coast,Savanna Coast,1,1,jazz-maps,moditems,jazz-maps:items.lua:36503,,102139312765 | 504402203656 | 651631302344 | 686125655967 | 868894864770,yes
assign-mod-id,generated-context-not-in-game,CampaignPreset HotDiamonds display_name Sector name for J16,656751822276,890000000001560,Great Forest,Great Forest,1,1,jazz-maps,moditems,jazz-maps:items.lua:38789,,123414445659 | 213555945745 | 250036862857 | 410045411963 | 471933787811 | 504986718282 | 521934355525 | 549167447088 | 656751822276 | 685169154774 | 707260253276 | 785169160617 | 809938488396 | 848825509009 | 879602359099,yes
assign-mod-id,generated-context-not-in-game,CampaignPreset HotDiamonds display_name Sector name for N27,671801258616,890000000001561,Farmland,Farmland,1,1,jazz-maps,moditems,jazz-maps:items.lua:41795,,103040008364 | 126600612391 | 340166429972 | 568113508607 | 671801258616 | 696031593743 | 767396046195 | 847414401039 | 857182189161 | 960290634722,yes
assign-mod-id,,BanterDef Ernie_Basil_01_approach Text section:Banters_Local_Ernie/Ernie_Basil_01_approach voice:Vicki,674616445270,890000000001562,"Тяжелую технику? Ты имеешь на виду грузовики, бульдозеры? Зачем они ей, man?","Тяжелую технику? Ты имеешь на виду грузовики, бульдозеры? Зачем они ей, man?",1,1,jazz-maps,moditems,jazz-maps:items.lua:107781,,,yes
assign-mod-id,generated-context-not-in-game,CampaignPreset HotDiamonds display_name Sector name for N22,685169154774,890000000001563,Great Forest,Great Forest,1,1,jazz-maps,moditems,jazz-maps:items.lua:41697,,123414445659 | 213555945745 | 250036862857 | 410045411963 | 471933787811 | 504986718282 | 521934355525 | 549167447088 | 656751822276 | 685169154774 | 707260253276 | 785169160617 | 809938488396 | 848825509009 | 879602359099,yes
assign-mod-id,generated-context-not-in-game,CampaignPreset HotDiamonds display_name Sector name for D28,685901275490,890000000001564,The Fracture,The Fracture,1,1,jazz-maps,moditems,jazz-maps:items.lua:33861,,685901275490,yes
assign-mod-id,generated-context-not-in-game,CampaignPreset HotDiamonds display_name Sector name for I11,686125655967,890000000001565,Savanna Coast,Savanna Coast,1,1,jazz-maps,moditems,jazz-maps:items.lua:37230,,102139312765 | 504402203656 | 651631302344 | 686125655967 | 868894864770,yes
restore-vanilla,generated-context,BanterDef Herman_04_PostLynch_Luc Text section:Banters_Local_Ernie/Herman_04_PostLynch_Luc voice:Hanging_Herman,690319261962,690319261962,"Спасибо, что промолчали. Вот, это за мое спасение. Я кое-что скопил, чтобы мы с Мартой могли свалить отсюда как можно быстрее. Уверен, вы меня понимаете.","I appreciate you keeping your mouth shut. Here, have these for saving me. I just kept a few odds and ends so Martha and I can get out of here as quick as possible. I'm sure you understand. ",1,1,jazz-maps,moditems,jazz-maps:items.lua:107099,"BanterDef Herman_04_PostLynch_Luc Text ",690319261962,yes
assign-mod-id,generated-context-not-in-game,CampaignPreset HotDiamonds display_name Sector name for M31,696031593743,890000000001566,Farmland,Farmland,1,1,jazz-maps,moditems,jazz-maps:items.lua:41266,,103040008364 | 126600612391 | 340166429972 | 568113508607 | 671801258616 | 696031593743 | 767396046195 | 847414401039 | 857182189161 | 960290634722,yes
assign-mod-id,generated-context-not-in-game,CampaignPreset HotDiamonds display_name Sector name for F17,697092134355,890000000001567,Jungle River Bank,Jungle River Bank,1,1,jazz-maps,moditems,jazz-maps:items.lua:35132,,128516117143 | 160577757419 | 389634246053 | 491457898220 | 537668990878 | 544298596474 | 623601870272 | 626219260053 | 697092134355 | 797363541950 | 864553029424 | 893101227500,yes
assign-mod-id,generated-context-not-in-game,CampaignPreset HotDiamonds display_name Sector name for I24,707260253276,890000000001568,Great Forest,Great Forest,1,1,jazz-maps,moditems,jazz-maps:items.lua:37730,,123414445659 | 213555945745 | 250036862857 | 410045411963 | 471933787811 | 504986718282 | 521934355525 | 549167447088 | 656751822276 | 685169154774 | 707260253276 | 785169160617 | 809938488396 | 848825509009 | 879602359099,yes
assign-mod-id,generated-context-not-in-game,CampaignPreset HotDiamonds display_name Sector name for N12,708524428129,890000000001569,Port Cacao City,Port Cacao City,1,1,jazz-maps,moditems,jazz-maps:items.lua:41487,,708524428129,yes
assign-mod-id,generated-context-not-in-game,BanterDef Ernie_Basil_05 Text section:Banters_Local_Ernie/Ernie_Basil_05 Corazon defeated voice:GreasyBasil,715491518638,890000000001570,"У меня на форт большие планы. Мы продадим на металлолом всё, что осталось от военных, и оборудуем там порт. Эрни станет центром торговли!","У меня на форт большие планы. Мы продадим на металлолом всё, что осталось от военных, и оборудуем там порт. Эрни станет центром торговли!",1,1,jazz-maps,moditems,jazz-maps:items.lua:107859,,715491518638,yes
assign-mod-id,generated-context-not-in-game,CampaignPreset HotDiamonds display_name Sector name for J23,717251570912,890000000001571,Old Graveyard,Old Graveyard,1,1,jazz-maps,moditems,jazz-maps:items.lua:38953,,717251570912,yes
assign-mod-id,generated-context-not-in-game,CampaignPreset HotDiamonds display_name Sector name for N23,717251570912,890000000001571,Old Graveyard,Old Graveyard,1,1,jazz-maps,moditems,jazz-maps:items.lua:41723,,717251570912,yes
restore-vanilla,generated-context,CampaignPreset HotDiamonds display_name Sector name for C10,722143668182,623794348368,Горы,Highlands,1,1,jazz-maps,moditems,jazz-maps:items.lua:1641,CampaignPreset HotDiamonds display_name Sector name for C10,109599909548 | 214209723378 | 296385373440 | 368294662072 | 389232961179 | 623794348368 | 626295560563 | 964205144819,yes
restore-vanilla,generated-context,CampaignPreset HotDiamonds display_name Sector name for C15,722597607076,283867956906,Гдегдегде,Middle of Anywhere,1,1,jazz-maps,moditems,jazz-maps:items.lua:1983,CampaignPreset HotDiamonds display_name Sector name for C15,283867956906,yes
assign-mod-id,generated-context-not-in-game,BanterDef StealthTutorialNPC_Approach Text section:Banters_Local_Ernie_Triggered/StealthTutorialNPC_Approach Whisper voice:CivilianMale_1,723738359527,890000000001572,Вы - коммандос? Как в фильмах? Вы пришли перестрелять этих бандитов из <em>Легиона</em>?,Вы - коммандос? Как в фильмах? Вы пришли перестрелять этих бандитов из <em>Легиона</em>?,1,1,jazz-maps,moditems,jazz-maps:items.lua:108015,,723738359527,yes
restore-vanilla,generated-context,BanterDef Ernie_Billy_07 Text section:Banters_Local_Ernie/Ernie_Billy_07 voice:DrQ,725201681582,725201681582,Ты смотрел слишком много фильмов... но ты недалек от истины.,I think you watch too many movies... but you are not wrong.,1,1,jazz-maps,moditems,jazz-maps:items.lua:107661,"BanterDef Ernie_Billy_07 Text ",725201681582,yes
restore-vanilla,generated-context,BanterDef Shared_Conversation_Civilians_19_Ernie Text,726338464551,726338464551,+1 к ополчению в <em>форте Ло-Блё</em>,+1 <em>Fort L'Eau Bleu</em> Militia,1,1,jazz-maps,moditems,jazz-maps:items.lua:107896,BanterDef Shared_Conversation_Civilians_19_Ernie Text,726338464551,yes
assign-mod-id,generated-context-not-in-game,BanterDef Ernie_Pierre_07 Text section:Banters_Local_Ernie/Ernie_Pierre_07 Corazon defeated voice:Pierre,728030978950,890000000001573,Ну наконец-то: алчных иностранцев вышвырнули из моей страны. Теперь у нас есть шанс ее восстановить.,Ну наконец-то: алчных иностранцев вышвырнули из моей страны. Теперь у нас есть шанс ее восстановить.,1,1,jazz-maps,moditems,jazz-maps:items.lua:107623,,728030978950,yes
assign-mod-id,,BanterDef Martha_02_PostLynch_NoOne Text section:Banters_Local_Ernie/Martha_02_PostLynch_NoOne voice:Martha,729791364200,890000000001574,"Если кто и доведёт моего Германа до петли, то только я сама!","Если кто и доведёт моего Германа до петли, то только я сама!",1,1,jazz-maps,moditems,jazz-maps:items.lua:107334,,,yes
assign-mod-id,generated-context-not-in-game,CampaignPreset HotDiamonds display_name Sector name for L16_Underground,733648875060,890000000001575,U-Bahn Station D,U-Bahn Station D,1,1,jazz-maps,moditems,jazz-maps:items.lua:40389,,733648875060,yes
assign-mod-id,generated-context-not-in-game,CampaignPreset HotDiamonds display_name Sector name for P8_Underground,735717978531,890000000001576,The Good Place (Underground),The Good Place (Underground),1,1,jazz-maps,moditems,jazz-maps:items.lua:43236,,735717978531,yes
restore-vanilla,equivalent-game-rows,,740390022763,154175220541,Aiming,Aiming,1,1,jazz,loaded,jazz:Code/System_OR_Unit.lua:2926,ChanceToHitModifier Default Aim display_name,154175220541 | 257864012366,yes
assign-mod-id,generated-context-not-in-game,CampaignPreset HotDiamonds display_name Sector name for I23_Underground,744626507262,890000000001577,Underground Lab,Underground Lab,1,1,jazz-maps,moditems,jazz-maps:items.lua:37602,,744626507262,yes
assign-mod-id,generated-context-not-in-game,CampaignPreset HotDiamonds display_name Sector name for J15_Underground,744626507262,890000000001577,Underground Lab,Underground Lab,1,1,jazz-maps,moditems,jazz-maps:items.lua:38666,,744626507262,yes
assign-mod-id,generated-context-not-in-game,CampaignPreset HotDiamonds display_name Sector name for P15_Underground,744626507262,890000000001577,Underground Lab,Underground Lab,1,1,jazz-maps,moditems,jazz-maps:items.lua:42696,,744626507262,yes
restore-vanilla,generated-context,CampaignPreset HotDiamonds display_name Sector name for E7,750412214505,991978958821,Саванна,Savanna,1,1,jazz-maps,moditems,jazz-maps:items.lua:1839,CampaignPreset HotDiamonds display_name Sector name for E7,105404009840 | 258117774774 | 293659664903 | 342048825717 | 352010995873 | 503047310675 | 682201321520 | 718471746619 | 771114970857 | 791011159552 | 806536099316 | 821862654085 | 849017194251 | 932097434495 | 939347628749 | 939476433141 | 991978958821,yes
assign-mod-id,generated-context-not-in-game,CampaignPreset HotDiamonds display_name Sector name for G16,751456951679,890000000001578,Minefield,Minefield,1,1,jazz-maps,moditems,jazz-maps:items.lua:35832,,140146783726 | 145892809373 | 163931671268 | 248685738878 | 341789890657 | 496169696525 | 523290283974 | 544078268082 | 546219044298 | 751456951679 | 955041625282 | 961260531005,yes
assign-mod-id,generated-context-not-in-game,CampaignPreset HotDiamonds display_name Sector name for J21,751456951679,890000000001578,Minefield,Minefield,1,1,jazz-maps,moditems,jazz-maps:items.lua:38926,,140146783726 | 145892809373 | 163931671268 | 248685738878 | 341789890657 | 496169696525 | 523290283974 | 544078268082 | 546219044298 | 751456951679 | 955041625282 | 961260531005,yes
assign-mod-id,generated-context-not-in-game,CampaignPreset HotDiamonds display_name Sector name for A25_Underground,765521273692,890000000001579,Diesel Klinik,Diesel Klinik,1,1,jazz-maps,moditems,jazz-maps:items.lua:31771,,765521273692,yes
restore-vanilla,generated-context,GuardpostObjective EmeraldCoast DescriptionCompleted,766081933537,766081933537,Легион больше не получает взрывчатку от <em>Диди</em>,The Legion will no longer receive explosives from <em>Deedee</em>,1,1,jazz-maps,moditems,jazz-maps:items.lua:108053,GuardpostObjective EmeraldCoast DescriptionCompleted,766081933537,yes
assign-mod-id,generated-context-not-in-game,CampaignPreset HotDiamonds display_name Sector name for C7,771114970857,890000000001580,Savanna,Savanna,1,1,jazz-maps,moditems,jazz-maps:items.lua:33266,,105404009840 | 258117774774 | 293659664903 | 342048825717 | 352010995873 | 503047310675 | 682201321520 | 718471746619 | 771114970857 | 791011159552 | 806536099316 | 821862654085 | 849017194251 | 932097434495 | 939347628749 | 939476433141 | 991978958821,yes
assign-mod-id,generated-context-not-in-game,Conversation Pierre_1 KeywordT,774381032385,890000000001581,Greeting,Greeting,74,74,jazz-maps,moditems,jazz-maps:items.lua:12228 | jazz-maps:items.lua:12271 | jazz-maps:items.lua:12316 | jazz-maps:items.lua:12602 | jazz-maps:items.lua:12701 | jazz-maps:items.lua:12767 | jazz-maps:items.lua:12819 | jazz-maps:items.lua:13554 | jazz-maps:items.lua:13619 | jazz-maps:items.lua:13671 | jazz-maps:items.lua:13716 | jazz-maps:items.lua:14145 | jazz-maps:items.lua:14173 | jazz-maps:items.lua:15559 | jazz-maps:items.lua:15589 | jazz-maps:items.lua:15619 | jazz-maps:items.lua:16347 | jazz-maps:items.lua:17611 | jazz-maps:items.lua:17673 | jazz-maps:items.lua:18942 | jazz-maps:items.lua:19050 | jazz-maps:items.lua:20081 | jazz-maps:items.lua:20611 | jazz-maps:items.lua:22391 | jazz-maps:items.lua:22718 | jazz-maps:items.lua:23391 | jazz-maps:items.lua:23574 | jazz-maps:items.lua:23606 | jazz-maps:items.lua:23638 | jazz-maps:items.lua:23670 | jazz-maps:items.lua:23693 | jazz-maps:items.lua:23716 | jazz-maps:items.lua:23748 | jazz-maps:items.lua:23774 | jazz-maps:items.lua:23798 | jazz-maps:items.lua:24007 | jazz-maps:items.lua:24214 | jazz-maps:items.lua:25663 | jazz-maps:items.lua:25738 | jazz-maps:items.lua:25752 | jazz-maps:items.lua:26825 | jazz-maps:items.lua:27083 | jazz-maps:items.lua:27288 | jazz-maps:items.lua:27329 | jazz-maps:items.lua:27547 | jazz-maps:items.lua:27580 | jazz-maps:items.lua:27658 | jazz-maps:items.lua:27748 | jazz-maps:items.lua:27817 | jazz-maps:items.lua:27877 | jazz-maps:items.lua:27936 | jazz-maps:items.lua:27994 | jazz-maps:items.lua:28017 | jazz-maps:items.lua:29237 | jazz-maps:items.lua:29299 | jazz-maps:items.lua:29864 | jazz-maps:items.lua:29959 | jazz-maps:items.lua:30062 | jazz-maps:items.lua:30130 | jazz-maps:items.lua:30204 | jazz-maps:items.lua:30291 | jazz-maps:items.lua:30401 | jazz-maps:items.lua:30426 | jazz-maps:items.lua:30491 | jazz-maps:items.lua:30603 | jazz-maps:items.lua:30662 | jazz-maps:items.lua:30754 | jazz-maps:items.lua:30781 | jazz-maps:items.lua:31021 | jazz-maps:items.lua:31071 | jazz-maps:items.lua:54242 | jazz-maps:items.lua:54468 | jazz-maps:items.lua:54501 | jazz-maps:items.lua:54588,,774381032385,yes
assign-mod-id,generated-context-not-in-game,CampaignPreset HotDiamonds display_name Sector name for C23,774425543634,890000000001582,Barrens,Barrens,1,1,jazz-maps,moditems,jazz-maps:items.lua:33013,,130761115220 | 354140743120 | 774425543634,yes
assign-mod-id,generated-context-not-in-game,CampaignPreset HotDiamonds display_name Sector name for A15,781205272716,890000000001583,Hill Station,Hill Station,1,1,jazz-maps,moditems,jazz-maps:items.lua:31479,,683065207457 | 781205272716,yes
assign-mod-id,generated-context-not-in-game,CampaignPreset HotDiamonds display_name Sector name for K19,784417792360,890000000001584,Factory Ruins,Factory Ruins,1,1,jazz-maps,moditems,jazz-maps:items.lua:39640,,784417792360,yes
assign-mod-id,generated-context-not-in-game,CampaignPreset HotDiamonds display_name Sector name for H23_Underground,785033708635,890000000001585,U-Bahn Station B,U-Bahn Station B,1,1,jazz-maps,moditems,jazz-maps:items.lua:36881,,785033708635,yes
assign-mod-id,generated-context-not-in-game,CampaignPreset HotDiamonds display_name Sector name for G17,785169160617,890000000001586,Great Forest,Great Forest,1,1,jazz-maps,moditems,jazz-maps:items.lua:35859,,123414445659 | 213555945745 | 250036862857 | 410045411963 | 471933787811 | 504986718282 | 521934355525 | 549167447088 | 656751822276 | 685169154774 | 707260253276 | 785169160617 | 809938488396 | 848825509009 | 879602359099,yes
assign-mod-id,generated-context-not-in-game,CampaignPreset HotDiamonds display_name Sector name for B7,785363607069,890000000001587,Savanna Cave,Savanna Cave,1,1,jazz-maps,moditems,jazz-maps:items.lua:32586,,785363607069,yes
assign-mod-id,generated-context-not-in-game,CampaignPreset HotDiamonds display_name Sector name for F22,786216029389,890000000001588,Cursed Forest,Cursed Forest,1,1,jazz-maps,moditems,jazz-maps:items.lua:35251,,115280237493 | 344714388063 | 414959957372 | 649302248086 | 786216029389 | 973521625755,yes
assign-mod-id,generated-context-not-in-game,BanterDef Ernie_VillagerMale_17 Text section:Banters_Local_Ernie/Ernie_VillagerMale_17 Fort not taken voice:CivilianMale_1,786532582794,890000000001589,"Я вчера рыбачил неподалеку от <em>форта</em> - так эти мерзавцы принялись палить по моей лодке! Я прямо слышал, как они хохочут, пока я оттуда улепетывал.","Я вчера рыбачил неподалеку от <em>форта</em> - так эти мерзавцы принялись палить по моей лодке! Я прямо слышал, как они хохочут, пока я оттуда улепетывал.",1,1,jazz-maps,moditems,jazz-maps:items.lua:107489,,786532582794,yes
assign-mod-id,generated-context-not-in-game,CampaignPreset HotDiamonds display_name Sector name for I25,788677023307,890000000001590,Mudwater Bridge,Mudwater Bridge,1,1,jazz-maps,moditems,jazz-maps:items.lua:37750,,788677023307,yes
restore-vanilla,generated-context,BanterDef Martha_01_Lynch2 Text section:Banters_Local_Ernie/Martha_01_Lynch2 voice:Martha,790945781681,790945781681,"Герман рассказывал, как помог вам разбираться с боевиками!

Я притворялась, что верила ему.","Herman told me how he helped you deal with those Legion thugs!

I pretended that I believed him.",1,1,jazz-maps,moditems,jazz-maps:items.lua:107244,"BanterDef Martha_01_Lynch2 Text ",790945781681,yes
assign-mod-id,generated-context-not-in-game,CampaignPreset HotDiamonds display_name Sector name for C8,791011159552,890000000001591,Savanna,Savanna,1,1,jazz-maps,moditems,jazz-maps:items.lua:33312,,105404009840 | 258117774774 | 293659664903 | 342048825717 | 352010995873 | 503047310675 | 682201321520 | 718471746619 | 771114970857 | 791011159552 | 806536099316 | 821862654085 | 849017194251 | 932097434495 | 939347628749 | 939476433141 | 991978958821,yes
assign-mod-id,generated-context-not-in-game,BanterDef Shared_Conversation_Civilians_19_Ernie Text section:SharedOverheard_Civilians/Shared_Conversation_Civilians_19_Ernie >> +1 Militia at the Fort voice:CivilianFemale_1,794229198616,890000000001592,Так я тебе и разрешила! А по дому кто будет помогать? Тебе опять список дел показать?,Так я тебе и разрешила! А по дому кто будет помогать? Тебе опять список дел показать?,1,1,jazz-maps,moditems,jazz-maps:items.lua:107889,,794229198616,yes
assign-mod-id,generated-context-not-in-game,CampaignPreset HotDiamonds display_name Sector name for G25,794687208333,890000000001593,Chalet de la Paix,Chalet de la Paix,1,1,jazz-maps,moditems,jazz-maps:items.lua:36108,,161420742819 | 718518022300 | 794687208333,yes
assign-mod-id,generated-context-not-in-game,CampaignPreset HotDiamonds display_name Sector name for J25,797363541950,890000000001594,Jungle River Bank,Jungle River Bank,1,1,jazz-maps,moditems,jazz-maps:items.lua:38997,,128516117143 | 160577757419 | 389634246053 | 491457898220 | 537668990878 | 544298596474 | 623601870272 | 626219260053 | 697092134355 | 797363541950 | 864553029424 | 893101227500,yes
restore-vanilla,generated-context,CampaignPreset HotDiamonds display_name Sector name for D8,797984509022,637147286775,Центр Пантагрюэля,Pantagruel Downtown,1,1,jazz-maps,moditems,jazz-maps:items.lua:2079,CampaignPreset HotDiamonds display_name Sector name for D8,130587984792 | 637147286775,yes
assign-mod-id,generated-context-not-in-game,CampaignPreset HotDiamonds display_name Sector name for I5,804645601283,890000000001595,Village of Ernie,Village of Ernie,1,1,jazz-maps,moditems,jazz-maps:items.lua:37955,,804645601283,yes
assign-mod-id,generated-context-not-in-game,CampaignPreset HotDiamonds display_name Sector name for H11,806536099316,890000000001596,Savanna,Savanna,1,1,jazz-maps,moditems,jazz-maps:items.lua:36530,,105404009840 | 258117774774 | 293659664903 | 342048825717 | 352010995873 | 503047310675 | 682201321520 | 718471746619 | 771114970857 | 791011159552 | 806536099316 | 821862654085 | 849017194251 | 932097434495 | 939347628749 | 939476433141 | 991978958821,yes
assign-mod-id,generated-context-not-in-game,CampaignPreset HotDiamonds display_name Sector name for I23,809938488396,890000000001597,Great Forest,Great Forest,1,1,jazz-maps,moditems,jazz-maps:items.lua:37579,,123414445659 | 213555945745 | 250036862857 | 410045411963 | 471933787811 | 504986718282 | 521934355525 | 549167447088 | 656751822276 | 685169154774 | 707260253276 | 785169160617 | 809938488396 | 848825509009 | 879602359099,yes
assign-mod-id,generated-context-not-in-game,CampaignPreset HotDiamonds display_name Sector name for J15,813854540497,890000000001598,Savanna River Bank,Savanna River Bank,1,1,jazz-maps,moditems,jazz-maps:items.lua:38635,,699044440017 | 813854540497,yes
restore-vanilla,generated-context,CampaignPreset HotDiamonds display_name Sector name for C7,816330931329,816330931329,Фосс-Нуар,Fosse Noire,1,1,jazz-maps,moditems,jazz-maps:items.lua:1758,CampaignPreset HotDiamonds display_name Sector name for C7,816330931329,yes
assign-mod-id,generated-context-not-in-game,CampaignPreset HotDiamonds display_name Sector name for D15,816330931329,890000000001599,Фосс-Нуар,Фосс-Нуар,1,1,jazz-maps,moditems,jazz-maps:items.lua:33520,,816330931329,yes
assign-mod-id,generated-context-not-in-game,CampaignPreset HotDiamonds display_name Sector name for O16,816624650190,890000000001600,Old Diamond,Old Diamond,1,1,jazz-maps,moditems,jazz-maps:items.lua:42216,,816624650190,yes
assign-mod-id,generated-context-not-in-game,BanterDef Ernie_VillagerFemale_14 Text section:Banters_Local_Ernie/Ernie_VillagerFemale_14 Fort taken voice:CivilianFemale_1,827070197838,890000000001601,"Я знаю: вы захватили форт, чтобы проводить там секретные эксперименты. Вам должно быть стыдно.","Я знаю: вы захватили форт, чтобы проводить там секретные эксперименты. Вам должно быть стыдно.",1,1,jazz-maps,moditems,jazz-maps:items.lua:107429,,827070197838,yes
assign-mod-id,generated-context-not-in-game,CampaignPreset HotDiamonds display_name Sector name for A24_Underground,828544218367,890000000001602,U-Bahn Station A,U-Bahn Station A,1,1,jazz-maps,moditems,jazz-maps:items.lua:31690,,828544218367,yes
assign-mod-id,generated-context-not-in-game,BanterDef Ernie_Basil_01_approach Text section:Banters_Local_Ernie/Ernie_Basil_01_approach Fort not taken >> hint to Corazon location voice:GreasyBasil,830926811202,890000000001603,Не вся еще погань из «Адониса» изгнана с острова. <em>Корасон</em> перебралась в старый <em>форт</em> и приказала пригнать туда тяжелую технику.,Не вся еще погань из «Адониса» изгнана с острова. <em>Корасон</em> перебралась в старый <em>форт</em> и приказала пригнать туда тяжелую технику.,1,1,jazz-maps,moditems,jazz-maps:items.lua:107774,,830926811202,yes
assign-mod-id,generated-context-not-in-game,CampaignPreset HotDiamonds display_name Sector name for D23,834500050121,890000000001604,Oasis,Oasis,1,1,jazz-maps,moditems,jazz-maps:items.lua:33733,,541741809850 | 834500050121,yes
restore-vanilla,generated-context,CampaignPreset HotDiamonds display_name Sector name for K8,838031250692,536426354025,Sea,Sea,1,1,jazz-maps,moditems,jazz-maps:items.lua:40136,CampaignPreset HotDiamonds display_name Sector name for K8,104289356652 | 121000748114 | 147550882920 | 148124647924 | 202697420647 | 213229886212 | 259528709005 | 303056918954 | 322848188339 | 374202441821 | 385995909057 | 405810814836 | 427494017983 | 437429178264 | 451370129328 | 470822575985 | 494550432902 | 536426354025 | 548641649558 | 550492939207 | 556676479025 | 559688672673 | 575455589672 | 591067403168 | 631515697711 | 632957531808 | 643264404673 | 658780954015 | 699424644785 | 713848377614 | 726415642347 | 731936855219 | 732245445310 | 799185194458 | 819902295308 | 838031250692 | 863989562304 | 872481454747 | 933891919263 | 943764606580 | 969974346859 | 973596765237 | 980050431606 | 992844337726 | 993558834336 | 996346275766,yes
assign-mod-id,generated-context-not-in-game,CampaignPreset HotDiamonds display_name Sector name for K9,838031250692,890000000001605,Sea,Sea,1,1,jazz-maps,moditems,jazz-maps:items.lua:40150,,104289356652 | 121000748114 | 147550882920 | 148124647924 | 202697420647 | 213229886212 | 259528709005 | 303056918954 | 322848188339 | 374202441821 | 385995909057 | 405810814836 | 427494017983 | 437429178264 | 451370129328 | 470822575985 | 494550432902 | 536426354025 | 548641649558 | 550492939207 | 556676479025 | 559688672673 | 575455589672 | 591067403168 | 631515697711 | 632957531808 | 643264404673 | 658780954015 | 699424644785 | 713848377614 | 726415642347 | 731936855219 | 732245445310 | 799185194458 | 819902295308 | 838031250692 | 863989562304 | 872481454747 | 933891919263 | 943764606580 | 969974346859 | 973596765237 | 980050431606 | 992844337726 | 993558834336 | 996346275766,yes
assign-mod-id,generated-context-not-in-game,CampaignPreset HotDiamonds display_name Sector name for L10,838031250692,890000000001605,Sea,Sea,1,1,jazz-maps,moditems,jazz-maps:items.lua:40203,,104289356652 | 121000748114 | 147550882920 | 148124647924 | 202697420647 | 213229886212 | 259528709005 | 303056918954 | 322848188339 | 374202441821 | 385995909057 | 405810814836 | 427494017983 | 437429178264 | 451370129328 | 470822575985 | 494550432902 | 536426354025 | 548641649558 | 550492939207 | 556676479025 | 559688672673 | 575455589672 | 591067403168 | 631515697711 | 632957531808 | 643264404673 | 658780954015 | 699424644785 | 713848377614 | 726415642347 | 731936855219 | 732245445310 | 799185194458 | 819902295308 | 838031250692 | 863989562304 | 872481454747 | 933891919263 | 943764606580 | 969974346859 | 973596765237 | 980050431606 | 992844337726 | 993558834336 | 996346275766,yes
restore-vanilla,generated-context,BanterDef Herman_04_PostLynch_NoOne Text section:Banters_Local_Ernie/Herman_04_PostLynch_NoOne voice:Hanging_Herman,841055887276,841055887276,"Что ж, я усвоил урок! Нельзя доверять мародерам. Вот, это за мое спасение. Я кое-что скопил, чтобы мы с Мартой могли свалить отсюда как можно быстрее.","Well, I learned my lesson! Don't trust marauders. Here, have these for saving me. I just kept a few odds and ends so Martha and I can get out of here as quick as possible.",1,1,jazz-maps,moditems,jazz-maps:items.lua:107135,"BanterDef Herman_04_PostLynch_NoOne Text ",841055887276,yes
assign-mod-id,generated-context-not-in-game,CampaignPreset HotDiamonds display_name Sector name for O21,848825509009,890000000001606,Great Forest,Great Forest,1,1,jazz-maps,moditems,jazz-maps:items.lua:42320,,123414445659 | 213555945745 | 250036862857 | 410045411963 | 471933787811 | 504986718282 | 521934355525 | 549167447088 | 656751822276 | 685169154774 | 707260253276 | 785169160617 | 809938488396 | 848825509009 | 879602359099,yes
restore-vanilla,generated-context,CampaignPreset HotDiamonds display_name Sector name for B4,851181592647,771114970857,Саванна,Savanna,1,1,jazz-maps,moditems,jazz-maps:items.lua:1947,CampaignPreset HotDiamonds display_name Sector name for B4,105404009840 | 258117774774 | 293659664903 | 342048825717 | 352010995873 | 503047310675 | 682201321520 | 718471746619 | 771114970857 | 791011159552 | 806536099316 | 821862654085 | 849017194251 | 932097434495 | 939347628749 | 939476433141 | 991978958821,yes
assign-mod-id,generated-context-not-in-game,CampaignPreset HotDiamonds display_name Sector name for N31,857182189161,890000000001607,Farmland,Farmland,1,1,jazz-maps,moditems,jazz-maps:items.lua:41913,,103040008364 | 126600612391 | 340166429972 | 568113508607 | 671801258616 | 696031593743 | 767396046195 | 847414401039 | 857182189161 | 960290634722,yes
assign-mod-id,generated-context-not-in-game,BanterDef Shared_Conversation_Legion_07_Ernie Text section:SharedOverheard_Enemies/Shared_Conversation_Legion_07_Ernie not taken Ernie Fort voice:LegionMale_2,862911189318,890000000001608,"Твоя мамка такой зад себе отрастила, что после нее туалет динамитом приходится прочищать.","Твоя мамка такой зад себе отрастила, что после нее туалет динамитом приходится прочищать.",1,1,jazz-maps,moditems,jazz-maps:items.lua:107975,,862911189318,yes
assign-mod-id,generated-context-not-in-game,"BanterDef Ernie_Billy_08 Text section:Banters_Local_Ernie/Ernie_Billy_08 world flip, Fort taken voice:BillyBoy",866930957878,890000000001609,"Это было КРУТО! Вы прямо ворвались в форт - и такие: тра-та-та! Пиу, пиу, пиу! БА-БАХ!","Это было КРУТО! Вы прямо ворвались в форт - и такие: тра-та-та! Пиу, пиу, пиу! БА-БАХ!",1,1,jazz-maps,moditems,jazz-maps:items.lua:107691,,866930957878,yes
assign-mod-id,generated-context-not-in-game,CampaignPreset HotDiamonds display_name Sector name for I19,868506312221,890000000001610,Wetlands,Wetlands,1,1,jazz-maps,moditems,jazz-maps:items.lua:37425,,351722511561 | 386849526320 | 561638338312 | 868506312221 | 880605825419 | 905273324952 | 930443039355,yes
assign-mod-id,generated-context-not-in-game,CampaignPreset HotDiamonds display_name Sector name for J28,868506312221,890000000001610,Wetlands,Wetlands,1,1,jazz-maps,moditems,jazz-maps:items.lua:39026,,351722511561 | 386849526320 | 561638338312 | 868506312221 | 880605825419 | 905273324952 | 930443039355,yes
assign-mod-id,generated-context-not-in-game,CampaignPreset HotDiamonds display_name Sector name for C6,868894864770,890000000001611,Savanna Coast,Savanna Coast,1,1,jazz-maps,moditems,jazz-maps:items.lua:33231,,102139312765 | 504402203656 | 651631302344 | 686125655967 | 868894864770,yes
restore-vanilla,generated-context,CampaignPreset HotDiamonds display_name Sector name for C4,869149352694,342048825717,Саванна,Savanna,1,1,jazz-maps,moditems,jazz-maps:items.lua:2382,CampaignPreset HotDiamonds display_name Sector name for C4,105404009840 | 258117774774 | 293659664903 | 342048825717 | 352010995873 | 503047310675 | 682201321520 | 718471746619 | 771114970857 | 791011159552 | 806536099316 | 821862654085 | 849017194251 | 932097434495 | 939347628749 | 939476433141 | 991978958821,yes
assign-mod-id,generated-context-not-in-game,CampaignPreset HotDiamonds display_name Sector name for D27,869195336024,890000000001612,Sturmwasser Canyon,Sturmwasser Canyon,1,1,jazz-maps,moditems,jazz-maps:items.lua:33830,,869195336024,yes
restore-vanilla,generated-context,CampaignPreset HotDiamonds display_name Sector name for C9,870033354295,368294662072,Горы,Highlands,1,1,jazz-maps,moditems,jazz-maps:items.lua:1724,CampaignPreset HotDiamonds display_name Sector name for C9,109599909548 | 214209723378 | 296385373440 | 368294662072 | 389232961179 | 623794348368 | 626295560563 | 964205144819,yes
assign-mod-id,generated-context-not-in-game,CampaignPreset HotDiamonds display_name Sector name for G31,880605825419,890000000001613,Wetlands,Wetlands,1,1,jazz-maps,moditems,jazz-maps:items.lua:36350,,351722511561 | 386849526320 | 561638338312 | 868506312221 | 880605825419 | 905273324952 | 930443039355,yes
assign-mod-id,generated-context-not-in-game,CampaignPreset HotDiamonds display_name Sector name for N16,880605825419,890000000001613,Wetlands,Wetlands,1,1,jazz-maps,moditems,jazz-maps:items.lua:41596,,351722511561 | 386849526320 | 561638338312 | 868506312221 | 880605825419 | 905273324952 | 930443039355,yes
assign-mod-id,generated-context-not-in-game,BanterDef Shared_Conversation_Legion_07_Ernie Text section:SharedOverheard_Enemies/Shared_Conversation_Legion_07_Ernie not taken Ernie Fort voice:LegionMale_1,890194602558,890000000001614,"Не знаешь, зачем Пьеру вся эта древняя взрывчатка?","Не знаешь, зачем Пьеру вся эта древняя взрывчатка?",1,1,jazz-maps,moditems,jazz-maps:items.lua:107955,,890194602558,yes
assign-mod-id,generated-context-not-in-game,CampaignPreset HotDiamonds display_name Sector name for M4,890743593540,890000000001615,The Outlook,The Outlook,1,1,jazz-maps,moditems,jazz-maps:items.lua:41306,,705029867431 | 833335251710 | 890743593540,yes
assign-mod-id,generated-context-not-in-game,CampaignPreset HotDiamonds display_name Sector name for G18,893101227500,890000000001616,Jungle River Bank,Jungle River Bank,1,1,jazz-maps,moditems,jazz-maps:items.lua:35886,,128516117143 | 160577757419 | 389634246053 | 491457898220 | 537668990878 | 544298596474 | 623601870272 | 626219260053 | 697092134355 | 797363541950 | 864553029424 | 893101227500,yes
assign-mod-id,generated-context-not-in-game,BanterDef Ernie_VillagerFemale_12 Text section:Banters_Local_Ernie/Ernie_VillagerFemale_12 Fort not taken voice:CivilianFemale_1,895051116559,890000000001617,Мне страшно выходить за окраину. Бандиты из <em>форта</em> могут убить - или еще чего похуже!,Мне страшно выходить за окраину. Бандиты из <em>форта</em> могут убить - или еще чего похуже!,1,1,jazz-maps,moditems,jazz-maps:items.lua:107365,,895051116559,yes
assign-mod-id,generated-context-not-in-game,BanterDef Shared_Conversation_Legion_07_Ernie Text section:SharedOverheard_Enemies/Shared_Conversation_Legion_07_Ernie not taken Ernie Fort voice:LegionMale_2,901905131603,890000000001618,Тебе как - сладкую ложь или суровую правду жизни?,Тебе как - сладкую ложь или суровую правду жизни?,1,1,jazz-maps,moditems,jazz-maps:items.lua:107959,,901905131603,yes
assign-mod-id,generated-context-not-in-game,CampaignPreset HotDiamonds display_name Sector name for H30,905273324952,890000000001619,Wetlands,Wetlands,1,1,jazz-maps,moditems,jazz-maps:items.lua:37037,,351722511561 | 386849526320 | 561638338312 | 868506312221 | 880605825419 | 905273324952 | 930443039355,yes
assign-mod-id,generated-context-not-in-game,CampaignPreset HotDiamonds display_name Sector name for D18,929083374712,890000000001620,Camp Grand Prix,Camp Grand Prix,1,1,jazz-maps,moditems,jazz-maps:items.lua:33587,,929083374712,yes
assign-mod-id,generated-context-not-in-game,CampaignPreset HotDiamonds display_name Sector name for F10,932097434495,890000000001621,Savanna,Savanna,1,1,jazz-maps,moditems,jazz-maps:items.lua:34785,,105404009840 | 258117774774 | 293659664903 | 342048825717 | 352010995873 | 503047310675 | 682201321520 | 718471746619 | 771114970857 | 791011159552 | 806536099316 | 821862654085 | 849017194251 | 932097434495 | 939347628749 | 939476433141 | 991978958821,yes
assign-mod-id,generated-context-not-in-game,CampaignPreset HotDiamonds display_name Sector name for I12,932097434495,890000000001621,Savanna,Savanna,1,1,jazz-maps,moditems,jazz-maps:items.lua:37276,,105404009840 | 258117774774 | 293659664903 | 342048825717 | 352010995873 | 503047310675 | 682201321520 | 718471746619 | 771114970857 | 791011159552 | 806536099316 | 821862654085 | 849017194251 | 932097434495 | 939347628749 | 939476433141 | 991978958821,yes
assign-mod-id,generated-context-not-in-game,CampaignPreset HotDiamonds display_name Sector name for H13,939476433141,890000000001622,Savanna,Savanna,1,1,jazz-maps,moditems,jazz-maps:items.lua:36584,,105404009840 | 258117774774 | 293659664903 | 342048825717 | 352010995873 | 503047310675 | 682201321520 | 718471746619 | 771114970857 | 791011159552 | 806536099316 | 821862654085 | 849017194251 | 932097434495 | 939347628749 | 939476433141 | 991978958821,yes
restore-vanilla,generated-context,CampaignPreset HotDiamonds display_name Sector name for E8,958129071008,682201321520,Саванна,Savanna,1,1,jazz-maps,moditems,jazz-maps:items.lua:2229,CampaignPreset HotDiamonds display_name Sector name for E8,105404009840 | 258117774774 | 293659664903 | 342048825717 | 352010995873 | 503047310675 | 682201321520 | 718471746619 | 771114970857 | 791011159552 | 806536099316 | 821862654085 | 849017194251 | 932097434495 | 939347628749 | 939476433141 | 991978958821,yes
assign-mod-id,generated-context-not-in-game,CampaignPreset HotDiamonds display_name Sector name for L26,960290634722,890000000001623,Farmland,Farmland,1,1,jazz-maps,moditems,jazz-maps:items.lua:40586,,103040008364 | 126600612391 | 340166429972 | 568113508607 | 671801258616 | 696031593743 | 767396046195 | 847414401039 | 857182189161 | 960290634722,yes
assign-mod-id,generated-context-not-in-game,CampaignPreset HotDiamonds display_name Sector name for L31,960290634722,890000000001623,Farmland,Farmland,1,1,jazz-maps,moditems,jazz-maps:items.lua:40697,,103040008364 | 126600612391 | 340166429972 | 568113508607 | 671801258616 | 696031593743 | 767396046195 | 847414401039 | 857182189161 | 960290634722,yes
assign-mod-id,generated-context-not-in-game,CampaignPreset HotDiamonds display_name Sector name for A12,964205144819,890000000001624,Highlands,Highlands,1,1,jazz-maps,moditems,jazz-maps:items.lua:31428,,109599909548 | 214209723378 | 296385373440 | 368294662072 | 389232961179 | 623794348368 | 626295560563 | 964205144819,yes
assign-mod-id,generated-context-not-in-game,"BanterDef Ernie_Billy_07 Text section:Banters_Local_Ernie/Ernie_Billy_07 world flip, Fort not taken voice:BillyBoy",966695000937,890000000001625,"Когда штурмуем форт? Вы снимете часовых метательными ножами, а потом перебьете весь гарнизон в рукопашной, да?","Когда штурмуем форт? Вы снимете часовых метательными ножами, а потом перебьете весь гарнизон в рукопашной, да?",1,1,jazz-maps,moditems,jazz-maps:items.lua:107650,,966695000937,yes
assign-mod-id,generated-context-not-in-game,BanterDef Ernie_Billy_10 Text section:Banters_Local_Ernie/Ernie_Billy_10 Fort taken voice:BillyBoy,969050015016,890000000001626,Вот бы про вас тоже сняли фильм!,Вот бы про вас тоже сняли фильм!,1,1,jazz-maps,moditems,jazz-maps:items.lua:107740,,969050015016,yes
assign-mod-id,generated-context-not-in-game,BanterDef Shared_Conversation_Legion_07_Ernie Text section:SharedOverheard_Enemies/Shared_Conversation_Legion_07_Ernie not taken Ernie Fort voice:LegionMale_2,972844343963,890000000001627,"Le Major готовится к масштабной операции в Порт-Какао, для которой ему нужна лодка, набитая динамитом.","Le Major готовится к масштабной операции в Порт-Какао, для которой ему нужна лодка, набитая динамитом.",1,1,jazz-maps,moditems,jazz-maps:items.lua:107967,,972844343963,yes
assign-mod-id,generated-context-not-in-game,CampaignPreset HotDiamonds display_name Sector name for J18,989088992609,890000000001628,Burial Grounds,Burial Grounds,1,1,jazz-maps,moditems,jazz-maps:items.lua:38842,,989088992609,yes
assign-mod-id,generated-context-not-in-game,CampaignPreset HotDiamonds display_name Sector name for P8,991219243860,890000000001629,The Good Place,The Good Place,1,1,jazz-maps,moditems,jazz-maps:items.lua:43202,,345950167014 | 468702471396 | 991219243860,yes
assign-mod-id,generated-context-not-in-game,CampaignPreset HotDiamonds display_name Sector name for F11,991978958821,890000000001630,Savanna,Savanna,1,1,jazz-maps,moditems,jazz-maps:items.lua:34811,,105404009840 | 258117774774 | 293659664903 | 342048825717 | 352010995873 | 503047310675 | 682201321520 | 718471746619 | 771114970857 | 791011159552 | 806536099316 | 821862654085 | 849017194251 | 932097434495 | 939347628749 | 939476433141 | 991978958821,yes
restore-vanilla,equivalent-game-rows,,890000000001425,111675813514,Patrol,Patrol,1,1,jazz,loaded,jazz:Code/Guardpost_Patrols.lua:1471,,111675813514 | 192800648129 | 253348274119 | 431865987697 | 670973613508 | 749859607574 | 794071386174 | 998929221172,yes
restore-vanilla,equivalent-game-rows,,890000000001426,363102176749,Recon,Recon,1,1,jazz,loaded,jazz:Code/Guardpost_Patrols.lua:1472,EnemyRole Default Recon DisplayName,363102176749 | 771262338628,yes
