class,name,plural,entity,decision,reason,structural_variants
AA12,AA12,AA12,Weapon_AA12,preserve,Нет доказанного правила смены модели; сохранять исходное название.,1
AA52,AA-52,AA-52,AA52,preserve,Нет доказанного правила смены модели; сохранять исходное название.,0
AK103,АК-103,АК-103,AKR_AK103,preserve,Положение штатного складного приклада не меняет АК-103.,1
AK105,АК-105,АК-105,AKR_AK105,preserve,Не получать АК-105 из другого автомата по одному короткому стволу.,1
AK47,АК-47,АК-47,J_AK47,preserve,Нет доказанного правила смены модели; сохранять исходное название.,0
AK74,АК-74,АК-74,AK74,explicit-rule,АК-74 → АКС-74 только для двух штатных складных прикладов; положение не меняет имя.,2
AK74M,АК-74М,АК-74М,AKR_AK74M,preserve,АК-74М сохраняет собственное обозначение при складывании.,1
AKM,AKM,AKM,AKM,explicit-rule,"АКМ → АКМС для штатного металлического приклада, складывающегося под оружие; оба положения. Подтверждены live-геометрия и руководство производителя.",2
AKSU,АКС-74У,АКС-74У,Weapon_AKS74U,preserve,Нет доказанного правила смены модели; сохранять исходное название.,1
AN94,АН-94,АН-94,AN94,preserve,Нет доказанного правила смены модели; сохранять исходное название.,1
APS,Пистолет Стечкина,Пистолеты Стечкина,APS,preserve,Нет доказанного правила смены модели; сохранять исходное название.,1
AR10,AR-10,AR-10,AR10_Auto,preserve,Нет доказанного правила смены модели; сохранять исходное название.,0
AR10DMR,AR-10 DMR,AR-10 DMR,AR_10_DMR,preserve,Нет доказанного правила смены модели; сохранять исходное название.,0
AR15,ОТКЛЮЧЕНО,ОТКЛЮЧЕНО,Weapon_AR15,preserve,Нет доказанного правила смены модели; сохранять исходное название.,7
AS_Val,АС-ВАЛ,АС-ВАЛ,ASVal,preserve,Нет доказанного правила смены модели; сохранять исходное название.,1
AUG,AUG,AUG,Weapon_Steyr,preserve,Нет доказанного правила смены модели; сохранять исходное название.,4
AVT40,АВТ-40,АВТ-40,SVT_40,preserve,Нет доказанного правила смены модели; сохранять исходное название.,0
Agram2000,Аграм 2000,«Аграм-2000»,Agram2000,preserve,Нет доказанного правила смены модели; сохранять исходное название.,0
ArcticWarfare,Arctic Warfare,Arctic Warfare,AWM,preserve,Нет доказанного правила смены модели; сохранять исходное название.,0
Auto5,Auto-5,Auto-5,Weapon_Auto5,preserve,Нет доказанного правила смены модели; сохранять исходное название.,4
Auto5_quest,«Усмиритель» Мамаши,«Усмирители» Мамаши,Weapon_Auto5,preserve-unique,Сохранять собственное имя уникального оружия; не наследовать переименование базового класса.,4
BAR,Бар,Бар,BAR,preserve,Нет доказанного правила смены модели; сохранять исходное название.,0
BarretM82,M82,M82,Weapon_BarrettM82,preserve,Нет доказанного правила смены модели; сохранять исходное название.,0
Bereta92,Beretta 92F,Beretta 92F,Weapon_Beretta92F,preserve,Нет доказанного правила смены модели; сохранять исходное название.,1
Beretta93r,Beretta 93r,Beretta 93r,Beretta93r,preserve,Нет доказанного правила смены модели; сохранять исходное название.,0
BerettaM12,Беретта М12,Beretta M12,BerettaM12,preserve,Нет доказанного правила смены модели; сохранять исходное название.,1
BrowningM2HMG,M2 Browning,M2 Browning,Weapon_M2Browning,preserve,Нет доказанного правила смены модели; сохранять исходное название.,0
CAR15,CAR-15,CAR-15,CAR15,preserve,Нет доказанного правила смены модели; сохранять исходное название.,1
CZ52,CZ Vz. 52,CZ Vz. 52,CZ52,preserve,Нет доказанного правила смены модели; сохранять исходное название.,0
CZ75,CZ75,CZ75,CZ75,preserve,Нет доказанного правила смены модели; сохранять исходное название.,0
China_Lake,China Lake,China Lake,China_Lake,preserve,Нет доказанного правила смены модели; сохранять исходное название.,0
Colt1911,Colt M1911,Colt M1911,Colt1911,preserve,Нет доказанного правила смены модели; сохранять исходное название.,0
Colt38Special,Colt .38 Special,Colt .38 Special,38Special,preserve,Нет доказанного правила смены модели; сохранять исходное название.,1
ColtAnaconda,Anaconda,Anaconda,Weapon_ColtAnaconda44,preserve,Нет доказанного правила смены модели; сохранять исходное название.,1
ColtM1917,Colt M1917 .45 Service Revolver,Colt M1917 .45 Service Revolver,Colt1917,preserve,Нет доказанного правила смены модели; сохранять исходное название.,0
ColtPeacemaker,Peacemaker,Peacemaker,Weapon_Colt,preserve,Нет доказанного правила смены модели; сохранять исходное название.,1
DP27,ДП-27,ДП-27,DP27,preserve,Нет доказанного правила смены модели; сохранять исходное название.,0
DeLisle,De Lisle Carbine,De Lisle Carbines,DeLisle,preserve,Нет доказанного правила смены модели; сохранять исходное название.,0
DebugAuto,Дебаг-пушка,Дебаг-пушки,Weapon_AK47,preserve,Нет доказанного правила смены модели; сохранять исходное название.,11
DesertEagle,Desert Eagle,Desert Eagle,Weapon_DesertEagle,preserve,Нет доказанного правила смены модели; сохранять исходное название.,1
DoubleBarrelShotgun,Двустволка,Двустволки,Weapon_DBShotgun,preserve,Нет доказанного правила смены модели; сохранять исходное название.,2
DragunovSVD,СВД,СВД,Weapon_Dragunov,rejected-candidate,StockLight в игре — цельная ложа с отверстием под большой палец; отдельной рукоятки и складного рамочного приклада нет. СВДС не включать.,1
DragunovSVD_Custom,"""Шах и Мат""","""Шах и Мат""",SVDCustom,preserve-unique,Сохранять собственное имя уникального оружия; не наследовать переименование базового класса.,0
FAMAS,FAMAS,FAMAS,Weapon_FAMAS,preserve,Нет доказанного правила смены модели; сохранять исходное название.,0
FG42,FG42,FG42,FG42,preserve,Нет доказанного правила смены модели; сохранять исходное название.,0
FNFAL,FN-FAL,FN-FAL,Weapon_FNFAL,preserve,Нет доказанного правила смены модели; сохранять исходное название.,6
FNMAG,FN MAG,FN MAG,KSP_58_B,preserve,Нет доказанного правила смены модели; сохранять исходное название.,0
FNMinimi,Minimi,Minimi,Weapon_FNMinimi,preserve,Нет доказанного правила смены модели; сохранять исходное название.,6
FRF2,FR F2,FR F2,FRF2,preserve,Нет доказанного правила смены модели; сохранять исходное название.,0
FiveSeven,FiveSeven,FiveSeven,Five_Seven,preserve,Нет доказанного правила смены модели; сохранять исходное название.,0
FlareHandgun,Ракетница,Ракетницы,Weapon_FlareGun,preserve,Нет доказанного правила смены модели; сохранять исходное название.,0
G36,G36,G36,Weapon_HKG36,preserve,Нет доказанного правила смены модели; сохранять исходное название.,3
G36c,G36c,G36c,G36c,preserve,Нет доказанного правила смены модели; сохранять исходное название.,1
G3A3,G3A3,G3A3,G3A3,preserve,Нет доказанного правила смены модели; сохранять исходное название.,0
G3A4,G3A4,G3A4,G3A4,preserve,Нет доказанного правила смены модели; сохранять исходное название.,1
G3SniperV1,G3 SG,G3 SG,G3Sniper,preserve,Нет доказанного правила смены модели; сохранять исходное название.,0
G43,G43,G43,G43,preserve,Нет доказанного правила смены модели; сохранять исходное название.,0
Galil,Galil,Galil,Weapon_Galil,preserve,Нет доказанного правила смены модели; сохранять исходное название.,3
Galil_FlagHill,«Наемник»,«Наемники»,Weapon_Galil,preserve-unique,Сохранять собственное имя уникального оружия; не наследовать переименование базового класса.,0
Gewehr98,Gewehr 98,Gewehr 98,Weapon_Gewehr98,preserve,Нет доказанного правила смены модели; сохранять исходное название.,0
Glock17,Glock 17,Glock 17,Glock_17,preserve,Нет доказанного правила смены модели; сохранять исходное название.,0
Glock18,Glock 18,Glock 18,G18,preserve,Нет доказанного правила смены модели; сохранять исходное название.,0
GoldenGun,«Золотая лихорадка»,«Золотые лихорадки»,Weapon_M14_GoldEquip,preserve-unique,Сохранять собственное имя уникального оружия; не наследовать переименование базового класса.,0
GrizzlyLAR,Grizzly LAR,Grizzly LAR,GrizzlyLAR,preserve,Нет доказанного правила смены модели; сохранять исходное название.,0
HK21,HK21,HK21,Weapon_HK21,preserve,Нет доказанного правила смены модели; сохранять исходное название.,6
HK23e,HK23e,HK23e,HK23e,preserve,Нет доказанного правила смены модели; сохранять исходное название.,0
HK33,HK33,HK33,HK_33,preserve,Нет доказанного правила смены модели; сохранять исходное название.,3
HiPower,Hi-Power,Hi-Power,Weapon_Browning_HP,preserve,Нет доказанного правила смены модели; сохранять исходное название.,5
Ithaca,Ithaca37,Ithaca37,Ithaca37,preserve,Нет доказанного правила смены модели; сохранять исходное название.,2
JAZZ_FNFAL_Tactical,FN FAL Tactical,FN FAL Tacticals,Weapon_FNFAL,preserve,Нет доказанного правила смены модели; сохранять исходное название.,7
JAZZ_M14_MkIII,M14 Mk III,M14 Mk III,JAZZ_M14_MkIII,preserve,Нет доказанного правила смены модели; сохранять исходное название.,2
Kimber,Kimber,Kimber,Kimber,preserve,Нет доказанного правила смены модели; сохранять исходное название.,1
Korth,Korth Revolver,Korth Revolver,KorthRev,preserve,Нет доказанного правила смены модели; сохранять исходное название.,1
L42A1,L42A1,L42A1,L42A1,preserve,Нет доказанного правила смены модели; сохранять исходное название.,0
LionRoar,«Львиный рык»,«Львиные рыки»,Weapon_Uzi_LionsRoar,preserve-unique,Сохранять собственное имя уникального оружия; не наследовать переименование базового класса.,0
Luger,Люгер,Люгер,Luger,preserve,Нет доказанного правила смены модели; сохранять исходное название.,0
M14SAW,M-14,M-14,JAZZ_M14,preserve,Нет доказанного правила смены модели; сохранять исходное название.,2
M16A1,M16A1,M16A1,M16A1,preserve,Нет доказанного правила смены модели; сохранять исходное название.,1
M16A2,M16A2,M16A2,M16A2,preserve,Нет доказанного правила смены модели; сохранять исходное название.,1
M16A4,M16A4,M16A4,M16R_M16A4,preserve,Короткий ствол/RIS не превращает винтовку автоматически в M4.,2
M1897,M1897,M1897,M1897,preserve,Нет доказанного правила смены модели; сохранять исходное название.,0
M1A,M1A,M1A,M1A,candidate,Короткий ствол/ложа требуют отдельной проверки; не присваивать Scout/SOCOM/Mk14 по одному модулю.,4
M1Garand,M1 Garand,M1 Garand,Garand,preserve,Нет доказанного правила смены модели; сохранять исходное название.,0
M21,M-21,M-21,JAZZ_M14,preserve,Нет доказанного правила смены модели; сохранять исходное название.,2
M24Sniper,M24,M24,Weapon_M24,preserve,Нет доказанного правила смены модели; сохранять исходное название.,2
M2Carbine,Карабин,Карабин,M2Carbine,preserve,Нет доказанного правила смены модели; сохранять исходное название.,3
M3GreaseGun,M3 Grease Gun,M3 Grease Guns,Grease,preserve,Нет доказанного правила смены модели; сохранять исходное название.,1
M41Shotgun,M1014,M1014,Weapon_Benelli_M4,preserve,Нет доказанного правила смены модели; сохранять исходное название.,1
M45,Carl Gustaf M/45,Carl Gustaf M/45,M45,preserve,Нет доказанного правила смены модели; сохранять исходное название.,1
M4A1,M4A1,M4A1,M4R_M4A1,preserve,"20/30/расширенный магазин, RIS, положение приклада и доступные стволы сохраняют M4A1 без отдельного доказанного правила.",4
M4Commando,ОТКЛЮЧЕНО,ОТКЛЮЧЕНО,Weapon_CAR15,preserve,Нет доказанного правила смены модели; сохранять исходное название.,1
M60,"M60 ""Свинья""",M60 «Свинья»,M60,preserve,Нет доказанного правила смены модели; сохранять исходное название.,0
M60E3,M60E3,M60E3,M60E3,preserve,Нет доказанного правила смены модели; сохранять исходное название.,0
M60E4,M60E4,M60E4,M60E4,preserve,Нет доказанного правила смены модели; сохранять исходное название.,0
M700,M700,M700,M700,preserve,Нет доказанного правила смены модели; сохранять исходное название.,0
M72LAW,M72 LAW,M72 LAW,M72LAW2,preserve,Нет доказанного правила смены модели; сохранять исходное название.,0
M79,M79,M79,M79,preserve,Нет доказанного правила смены модели; сохранять исходное название.,0
MAC10,MAC-10,MAC-10,MAC10,preserve,Нет доказанного правила смены модели; сохранять исходное название.,1
MAC1950,MAC Mle 1950,MAC Mle 1950,MAC1950,preserve,Нет доказанного правила смены модели; сохранять исходное название.,0
MAC2429,Mac 2429,Mac 2429,MAC2429,preserve,Нет доказанного правила смены модели; сохранять исходное название.,0
MAS36,MAS36,MAS36,MAS36,preserve,Нет доказанного правила смены модели; сохранять исходное название.,0
MAS49,MAS-49/56,MAS-49/56,MAS49,preserve,Нет доказанного правила смены модели; сохранять исходное название.,0
MAT49,MAT-49,MAT-49,MAT49,preserve,Нет доказанного правила смены модели; сохранять исходное название.,1
MG42,MG42,MG42,Weapon_MG42,preserve,Нет доказанного правила смены модели; сохранять исходное название.,0
MG58,MG58,MG58,Weapon_MG42,preserve,Нет доказанного правила смены модели; сохранять исходное название.,0
MGL,MGL,MGL,Weapon_MilkorMGL,preserve,Нет доказанного правила смены модели; сохранять исходное название.,0
MK14EBR,Mk 14 EBR,Mk 14 EBR,MK14EBR,preserve,Нет доказанного правила смены модели; сохранять исходное название.,2
MP40,MP40,MP40,Weapon_MP40,preserve,Нет доказанного правила смены модели; сохранять исходное название.,0
MP446VIKING,"MP-446 ""Викинг""","MP-446 ""Викинг""",Viking,preserve,Нет доказанного правила смены модели; сохранять исходное название.,0
MP5,ОТКЛЮЧЕНО,ОТКЛЮЧЕНО,Weapon_MP5,candidate,"Проверить сочетание корпуса, спусковой группы и приклада для A2/A3; отсутствие приклада не превращает MP5 в MP5K.",3
MP5A2,MP5A2,MP5A2,MP5A2,preserve,Нет доказанного правила смены модели; сохранять исходное название.,0
MP5A4,MP5A4,MP5A4,MP5A4,preserve,Нет доказанного правила смены модели; сохранять исходное название.,2
MP5K,MP5K,MP5K,Weapon_MP5,preserve,Нет доказанного правила смены модели; сохранять исходное название.,2
MP5SD,MP5SD,MP5SD,MP5SD,preserve,Нет доказанного правила смены модели; сохранять исходное название.,2
MP7,MP7,MP7,MP7,preserve,Нет доказанного правила смены модели; сохранять исходное название.,1
MPL,Walther MP,Walther MP,MPL,preserve,Нет доказанного правила смены модели; сохранять исходное название.,1
MR73,Manurhin MR 73,Manurhin MR 73,M73Base,preserve,Нет доказанного правила смены модели; сохранять исходное название.,1
Makarov,Пистолет Макарова,Пистолеты Макарова,Makarov,preserve,Нет доказанного правила смены модели; сохранять исходное название.,0
MicroUZI,Мини Узи,Мини Узи,Weapon_Uzi,preserve,Нет доказанного правила смены модели; сохранять исходное название.,1
Mini14,Мини-14,Мини-14,Mini14,preserve,Нет доказанного правила смены модели; сохранять исходное название.,2
MortarInventoryItem,Миномет,Минометы,Weapon_M224,preserve,Нет доказанного правила смены модели; сохранять исходное название.,0
Mosin,Винтовка Мосина,Винтовки Мосина,MOSIN_1891,coordinated-pending,"1891 / М38 / обрез: существующий Weapon_MosinModular меняет модель/размер/Icon, но в проверенном коде не имя. Именование согласовать с подготовленным изменением основной задачи; второй хук не создавать.",2
P210,P-210,P-210,P210,preserve,Нет доказанного правила смены модели; сохранять исходное название.,1
P220,P-220,P-220,P220,preserve,Нет доказанного правила смены модели; сохранять исходное название.,0
P226,P-226,P-226,P226ff,preserve,Нет доказанного правила смены модели; сохранять исходное название.,1
P38,P38,P38,P38,preserve,Нет доказанного правила смены модели; сохранять исходное название.,1
P90,P90,P90,P90,preserve,Нет доказанного правила смены модели; сохранять исходное название.,0
PB,Пистолет ПБ,Пистолеты ПБ,pb,preserve,Нет доказанного правила смены модели; сохранять исходное название.,0
PKM,ПКМ,ПКМ,PKM,preserve,Нет доказанного правила смены модели; сохранять исходное название.,2
PP19Bizon,ПП-19 «Бизон»,ПП-19 «Бизон»,Bizon,preserve,Нет доказанного правила смены модели; сохранять исходное название.,1
PPS43,ППС-43,ППС-43,PPS_43,preserve,Нет доказанного правила смены модели; сохранять исходное название.,1
PPSH,ППШ,ППШ,PPSH,preserve,Нет доказанного правила смены модели; сохранять исходное название.,0
PSG1,PSG1,PSG1,Weapon_PSG1,preserve,Нет доказанного правила смены модели; сохранять исходное название.,1
R870,R870,R870,R870,preserve,Нет доказанного правила смены модели; сохранять исходное название.,0
RPD,РПД,РПД,RPD,preserve,Нет доказанного правила смены модели; сохранять исходное название.,0
RPG7,РПГ-7,РПГ-7,Weapon_RPG7_Copy,preserve,Нет доказанного правила смены модели; сохранять исходное название.,0
RPK,РПК,РПК,Weapon_RPK74,preserve,Нет доказанного правила смены модели; сохранять исходное название.,2
RPK74,РПК-74,РПК-74,Weapon_RPK74,preserve,Нет доказанного правила смены модели; сохранять исходное название.,3
RSH12,РШ-12,РШ-12,HighCalRev,preserve,Нет доказанного правила смены модели; сохранять исходное название.,0
SKS,СКС,СКС,SKS,preserve,Нет доказанного правила смены модели; сохранять исходное название.,0
SPAS12,SPAS-12,SPAS-12,Spas12,preserve,Нет доказанного правила смены модели; сохранять исходное название.,0
SR3M,СР-3М,СР-3М,SR3M,preserve,Нет доказанного правила смены модели; сохранять исходное название.,1
STG44,StG-44,StG-44,STG44,preserve,Нет доказанного правила смены модели; сохранять исходное название.,0
SVT40,СВТ-40,СВТ-40,SVT_40,preserve,Нет доказанного правила смены модели; сохранять исходное название.,0
SVU,СВУ,СВУ,SVU,preserve,Нет доказанного правила смены модели; сохранять исходное название.,0
SWModel10,S&W Model10 .38 Special,S&W Model10 .38 Special,SWModel10,preserve,Нет доказанного правила смены модели; сохранять исходное название.,1
SWModel19,S*W Model19 .357 Combat Magnum,SWModel19,SW19,preserve,Нет доказанного правила смены модели; сохранять исходное название.,2
SWModel29,SWModel29,SWModel29,SWModel29,preserve,Нет доказанного правила смены модели; сохранять исходное название.,1
SWModel52,S&W Model 52 .38 Special Pistol,S&W Model 52,SWModel52,preserve,Нет доказанного правила смены модели; сохранять исходное название.,0
SWModel5906,S&W Model 5906,S&W Model 5906,SWModel5906,preserve,Нет доказанного правила смены модели; сохранять исходное название.,0
Scorpion,Scorpion,Scorpion,Scorpion,preserve,Нет доказанного правила смены модели; сохранять исходное название.,1
ScoutSniper,Steyr Scout,Steyr Scout,SteyrScout,preserve,Нет доказанного правила смены модели; сохранять исходное название.,0
Sig550,Sig 550,Sig 550,Sig550,preserve,Нет доказанного правила смены модели; сохранять исходное название.,3
Sig550Custom,Sig 550 RIS,Sig 550 RIS,Sig550Custom,preserve-unique,Сохранять собственное имя уникального оружия; не наследовать переименование базового класса.,3
Sig552,Sig 552,Sig 552,SIG552,preserve,Нет доказанного правила смены модели; сохранять исходное название.,3
Sig552SWAT,Sig 552 SWAT,Sig 552 SWAT,Sig552SWAT,preserve,Нет доказанного правила смены модели; сохранять исходное название.,1
SpectreM4,Spectre M4,Spectre M4,Spectr_M4,preserve,Нет доказанного правила смены модели; сохранять исходное название.,0
Springfield,Springfield 1903,Springfield 1903,M1903,preserve,Нет доказанного правила смены модели; сохранять исходное название.,0
Sterling,Стерлинг,СТЕРЛИНГ,Sterling,preserve,Нет доказанного правила смены модели; сохранять исходное название.,1
Stoeger,Вертикалка,Вертикалки,stoeger_outback,preserve,Нет доказанного правила смены модели; сохранять исходное название.,0
Striker,Страйкер,Страйкеры,Striker,preserve,Нет доказанного правила смены модели; сохранять исходное название.,1
TMP,TMP,TMP,TMP,preserve,Нет доказанного правила смены модели; сохранять исходное название.,0
TT33,Пистолет ТТ,Пистолеты ТТ,TT33f,preserve,Нет доказанного правила смены модели; сохранять исходное название.,0
TexRevolver,Именной револьвер,Именные револьверы,Tex_Rev,preserve-unique,Сохранять собственное имя уникального оружия; не наследовать переименование базового класса.,0
Thompson,Thompson,Thompsons,THOMPSON_SMG,preserve,Нет доказанного правила смены модели; сохранять исходное название.,0
Type56,Type 56,Type 56,Type56,preserve,Нет доказанного правила смены модели; сохранять исходное название.,0
U100,U100,U100,U100,preserve,Нет доказанного правила смены модели; сохранять исходное название.,0
UMP45,UMP45,UMP45,UMP45,preserve,Нет доказанного правила смены модели; сохранять исходное название.,1
USAS12,USAS12,USAS12,USAS12,preserve,Нет доказанного правила смены модели; сохранять исходное название.,0
USP45,USP45 Tactical,USP45 Tactical,USP45,preserve,Нет доказанного правила смены модели; сохранять исходное название.,0
UZI,Узи Полноразмерный,Узи Полноразмерные,UziFull,preserve,Нет доказанного правила смены модели; сохранять исходное название.,2
UnderslungGrenadeLauncher,Подствол. гранатомет,Подствол. гранатометы,False,preserve,Нет доказанного правила смены модели; сохранять исходное название.,0
VSS,ВСС,ВСС,VSS,preserve,Нет доказанного правила смены модели; сохранять исходное название.,0
VZ58,vz. 58,vz. 58,JAZZ_VZ58,explicit-rule,vz. 58 P для штатного деревянного приклада; vz. 58 V для штатного металлического складного в обоих положениях. Тактический приклад — исходное имя без исторического суффикса.,4
VectorCP1,Vektor CP1,Vektor CP1,VectorCP1,preserve,Нет доказанного правила смены модели; сохранять исходное название.,0
VektorR4,Vektor R4,Vektor R4,JAZZ_VektorR4,preserve,Нет доказанного правила смены модели; сохранять исходное название.,0
Webley,Webley Mk VI,Webley Mk VI,Webleyf,preserve,Нет доказанного правила смены модели; сохранять исходное название.,1
Welrod,Welrod,Welrod,Welrod,preserve,Нет доказанного правила смены модели; сохранять исходное название.,0
Winchester1894,Winchester 1894,Winchester 1894,Weapon_Winchester,preserve,Нет доказанного правила смены модели; сохранять исходное название.,2
Winchester_Quest,«Верный друг»,«Верные друзья»,Weapon_Winchester,preserve-unique,Сохранять собственное имя уникального оружия; не наследовать переименование базового класса.,0
ZastavaM76,Zastava M76,Zastava M76,m76,preserve,Нет доказанного правила смены модели; сохранять исходное название.,0
ZastavaM92,Zastava M92,Zastava M92,M92,preserve,Нет доказанного правила смены модели; сохранять исходное название.,1
Zastava_M70,Zastava M70,Zastava M70,Zastava_M70,preserve,Нет доказанного правила смены модели; сохранять исходное название.,1
