ID,SourceText,Russian,English,Notes
890000000010024,"<image UI/Conversation/T_Dialogue_IconBackgroundCircle.tga 400 130 128 120> Restores HP and stabilizes downed characters
<image UI/Conversation/T_Dialogue_IconBackgroundCircle.tga 400 130 128 120> Removes all bleeding
<image UI/Conversation/T_Dialogue_IconBackgroundCircle.tga 400 130 128 120> One use = one item from the stack
<image UI/Conversation/T_Dialogue_IconBackgroundCircle.tga 400 130 128 120> Used automatically while in inventory","<image UI/Conversation/T_Dialogue_IconBackgroundCircle.tga 400 130 128 120> Восстанавливает ОЗ и стабилизирует умирающего бойца
<image UI/Conversation/T_Dialogue_IconBackgroundCircle.tga 400 130 128 120> Снимает все кровотечения
<image UI/Conversation/T_Dialogue_IconBackgroundCircle.tga 400 130 128 120> Одно применение расходует один предмет из стака
<image UI/Conversation/T_Dialogue_IconBackgroundCircle.tga 400 130 128 120> Используется автоматически, пока лежит в инвентаре","<image UI/Conversation/T_Dialogue_IconBackgroundCircle.tga 400 130 128 120> Restores HP and stabilizes downed characters
<image UI/Conversation/T_Dialogue_IconBackgroundCircle.tga 400 130 128 120> Removes all bleeding
<image UI/Conversation/T_Dialogue_IconBackgroundCircle.tga 400 130 128 120> One use = one item from the stack
<image UI/Conversation/T_Dialogue_IconBackgroundCircle.tga 400 130 128 120> Used automatically while in inventory",manual-translation
890000000010027,"<image UI/Conversation/T_Dialogue_IconBackgroundCircle.tga 400 130 128 120> Restores HP and stabilizes downed characters
<image UI/Conversation/T_Dialogue_IconBackgroundCircle.tga 400 130 128 120> Bandage healing bonus: 50%.
<image UI/Conversation/T_Dialogue_IconBackgroundCircle.tga 400 130 128 120> Removes all bleeding
<image UI/Conversation/T_Dialogue_IconBackgroundCircle.tga 400 130 128 120> One use = one item from the stack","<image UI/Conversation/T_Dialogue_IconBackgroundCircle.tga 400 130 128 120> Восстанавливает ОЗ и стабилизирует умирающего бойца
<image UI/Conversation/T_Dialogue_IconBackgroundCircle.tga 400 130 128 120> Бонус к лечению при перевязке: 50%.
<image UI/Conversation/T_Dialogue_IconBackgroundCircle.tga 400 130 128 120> Снимает все кровотечения
<image UI/Conversation/T_Dialogue_IconBackgroundCircle.tga 400 130 128 120> Одно применение расходует один предмет из стака","<image UI/Conversation/T_Dialogue_IconBackgroundCircle.tga 400 130 128 120> Restores HP and stabilizes downed characters
<image UI/Conversation/T_Dialogue_IconBackgroundCircle.tga 400 130 128 120> Bandage healing bonus: 50%.
<image UI/Conversation/T_Dialogue_IconBackgroundCircle.tga 400 130 128 120> Removes all bleeding
<image UI/Conversation/T_Dialogue_IconBackgroundCircle.tga 400 130 128 120> One use = one item from the stack",manual-translation
890000000010213,"Treat an ally with a small, medium, or large medkit. Restores HP based on Medical and stops bleeding. Small and medium medkits remove all bleeding. Large medkit starts healing on the heaviest untreated trauma. Field bandages use a separate action.","Лечит союзника маленькой, средней или большой аптечкой. Восстанавливает ОЗ с учётом Медицины и останавливает кровотечение. Маленькая и средняя аптечки снимают все кровотечения. Большая запускает заживление самой тяжёлой необработанной травмы. Для бинтов есть отдельное действие.","Treat an ally with a small, medium, or large medkit. Restores HP based on Medical and stops bleeding. Small and medium medkits remove all bleeding. Large medkit starts healing on the heaviest untreated trauma. Field bandages use a separate action.",manual-translation
890000000012010,Medical required,Требуется медицина,Medical required,manual-translation
890000000012011,Medical too low,Недостаточно медицины,Medical too low,manual-translation
890000000012013,Medical too low: <current>/<required>,Недостаточно медицины: <current>/<required>,Medical too low: <current>/<required>,manual-translation
