id,display_name,family_id,family_name_ru,object_class,catalog_status,balance_tier,balance_subtier,tier_label,tier_status,tier_source,code_tier_label,engine_tier,caliber,damage,obj_damage_mod,penetration_class,penetration_bonus,crit_chance_scaled,magazine_size,shoot_ap,reload_ap,max_aim_actions,aim_accuracy,burst_shots,auto_shots,recoil,weapon_range,bullet_drop_range,grouping,handling,overwatch_angle,noise,reliability,base_jam_chance,weapon_resource,weapon_resource_max,degrade_per_shot,hand_slot,holster_slot,large_item,cumbersome,cost,scrap_parts,repair_cost,available_attacks,component_slot_count,component_option_count,defaulted_fields,source_file,snapshot_commit
MAC1950,MAC Mle 1950,pistol,Пистолеты,Pistol,active,1,1,1-1,assigned,google_sheet:Пист,1-1,,JAZZ_Caliber_9x19,16,20,1,0,35,8,3000,4000,2,5,3,3,1,17,4,52,8,5400,22,40,-20,350,-1,1,OneHanded,Leg,0,0,1250,6,2,SingleShot;DualShot;MobileShot;JAZZ_Mozambique;JAZZ_DoubleTap,4,9,BurstShots;Cumbersome;DegradePerShot;HandSlot;LargeItem;PenetrationBonus;PenetrationClass;Reliability;WeaponResourceMax,InventoryItem/MAC1950.lua,5db078dfb2c9206f39e491a1d26b6e7f1f6f1220
Luger,Люгер,pistol,Пистолеты,Pistol,active,1,2,1-2,assigned,google_sheet:Пист,1-2,,JAZZ_Caliber_9x19,17,20,1,0,20,8,3000,4000,2,7,3,3,1,17,5,56,16,5400,24,25,10,400,-1,1,OneHanded,Leg,0,0,500,6,2,SingleShot;DualShot;MobileShot;JAZZ_Mozambique;JAZZ_DoubleTap,2,2,BurstShots;Cumbersome;DegradePerShot;HandSlot;LargeItem;PenetrationBonus;PenetrationClass;WeaponResourceMax,InventoryItem/Luger.lua,5db078dfb2c9206f39e491a1d26b6e7f1f6f1220
TT33,Пистолет ТТ,pistol,Пистолеты,Pistol,active,1,2,1-2,assigned,google_sheet:Пист,1-1,,JAZZ_Caliber_762x25,18,20,1,0,10,8,3000,4000,2,6,3,3,1,19,6,39,12,5280,26,50,-10,750,-1,1,OneHanded,Leg,0,0,350,6,3,SingleShot;DualShot;MobileShot;JAZZ_Mozambique;JAZZ_DoubleTap,3,2,BurstShots;CritChanceScaled;Cumbersome;DegradePerShot;HandSlot;LargeItem;PenetrationBonus;PenetrationClass;WeaponResourceMax,InventoryItem/TT33.lua,5db078dfb2c9206f39e491a1d26b6e7f1f6f1220
SWModel52,S&W Model 52 .38 Special Pistol,pistol,Пистолеты,Pistol,active,1,2,1-2,assigned,google_sheet:Пист,1-2,,JAZZ_Caliber_38,15,20,1,0,35,5,3000,4000,2,8,3,3,1,18,4,69,18,5400,22,30,-20,700,-1,1,OneHanded,Leg,0,0,1250,6,7,SingleShot;DualShot;MobileShot;JAZZ_Mozambique;JAZZ_DoubleTap,4,9,BurstShots;Cumbersome;DegradePerShot;HandSlot;LargeItem;PenetrationBonus;PenetrationClass;WeaponResourceMax,InventoryItem/SWModel52.lua,5db078dfb2c9206f39e491a1d26b6e7f1f6f1220
Makarov,Пистолет Макарова,pistol,Пистолеты,Pistol,active,1,3,1-3,assigned,google_sheet:Пист,1-3,,JAZZ_Caliber_9x18,18,15,1,0,35,8,3000,4000,2,6,3,3,1,16,6,53,18,5400,18,80,-100,3000,-1,1,OneHanded,Leg,0,0,450,6,5,SingleShot;DualShot;MobileShot;JAZZ_Mozambique;JAZZ_DoubleTap,3,3,BurstShots;Cumbersome;DegradePerShot;HandSlot;LargeItem;PenetrationBonus;PenetrationClass;WeaponResourceMax,InventoryItem/Makarov.lua,5db078dfb2c9206f39e491a1d26b6e7f1f6f1220
Colt1911,Colt M1911,pistol,Пистолеты,Pistol,active,1,3,1-3,assigned,google_sheet:Пист,1-3,,JAZZ_Caliber_45ACP,27,25,1,0,30,7,3000,4000,2,6,3,3,1,15,5,61,13,5400,28,65,-10,1400,-1,1,OneHanded,Leg,0,0,600,6,6,SingleShot;DualShot;MobileShot;JAZZ_Mozambique;JAZZ_DoubleTap,4,4,BurstShots;Cumbersome;DegradePerShot;HandSlot;LargeItem;PenetrationBonus;PenetrationClass;WeaponResourceMax,InventoryItem/Colt1911.lua,5db078dfb2c9206f39e491a1d26b6e7f1f6f1220
CZ52,CZ Vz. 52,pistol,Пистолеты,Pistol,active,1,3,1-3,assigned,google_sheet:Пист,1-2,,JAZZ_Caliber_762x25,20,20,1,0,35,8,3000,4000,2,3,3,3,1,18,7,42,14,5400,22,45,-20,650,-1,1,OneHanded,Leg,0,0,1250,6,1,SingleShot;DualShot;MobileShot;JAZZ_Mozambique;JAZZ_DoubleTap,4,9,BurstShots;Cumbersome;DegradePerShot;HandSlot;LargeItem;PenetrationBonus;PenetrationClass;WeaponResourceMax,InventoryItem/CZ52.lua,5db078dfb2c9206f39e491a1d26b6e7f1f6f1220
P210,P-210,pistol,Пистолеты,Pistol,active,1,3,1-3,assigned,google_sheet:Пист,1-3,,JAZZ_Caliber_9x19,21,20,1,0,40,8,3000,3000,2,8,3,3,1,18,6,53,22,5400,22,80,-50,1200,-1,1,OneHanded,Leg,0,0,1000,6,3,SingleShot;DualShot;MobileShot;JAZZ_Mozambique;JAZZ_DoubleTap,6,13,BurstShots;Cost;Cumbersome;DegradePerShot;HandSlot;LargeItem;PenetrationBonus;PenetrationClass;WeaponResourceMax,InventoryItem/P210.lua,5db078dfb2c9206f39e491a1d26b6e7f1f6f1220
P38,P38,pistol,Пистолеты,Pistol,active,1,3,1-3,assigned,google_sheet:Пист,1-3,,JAZZ_Caliber_9x19,20,20,1,0,35,8,3000,3000,2,7,3,3,1,18,6,54,18,5400,18,50,-20,1000,-1,1,OneHanded,Leg,0,0,1250,6,3,SingleShot;DualShot;MobileShot;JAZZ_Mozambique;JAZZ_DoubleTap,4,7,BurstShots;Cumbersome;DegradePerShot;HandSlot;LargeItem;PenetrationBonus;PenetrationClass;WeaponResource;WeaponResourceMax,InventoryItem/P38.lua,5db078dfb2c9206f39e491a1d26b6e7f1f6f1220
PB,Пистолет ПБ,pistol,Пистолеты,Pistol,active,1,UNIQ,1-UNIQ,unique,google_sheet:Пист,1-UNIQ,,JAZZ_Caliber_9x18,18,15,1,0,45,8,3000,4000,3,7,3,3,1,16,6,50,12,5400,2,70,-100,3000,-1,1,OneHanded,Leg,0,0,450,6,5,SingleShot;DualShot;MobileShot;JAZZ_Mozambique;JAZZ_DoubleTap,2,2,BurstShots;Cumbersome;DegradePerShot;HandSlot;LargeItem;MaxAimActions;PenetrationBonus;PenetrationClass;WeaponResourceMax,InventoryItem/PB.lua,5db078dfb2c9206f39e491a1d26b6e7f1f6f1220
HiPower,Hi-Power,pistol,Пистолеты,Pistol,active,2,1,2-1,assigned,google_sheet:Пист,2-2,,JAZZ_Caliber_9x19,22,20,1,0,20,13,3000,4000,2,7,3,3,1,17,6,17,16,5400,24,70,-10,1400,-1,1,OneHanded,Leg,0,0,500,6,9,SingleShot;DualShot;MobileShot;JAZZ_Mozambique;JAZZ_DoubleTap,4,11,BurstShots;Cumbersome;DegradePerShot;HandSlot;LargeItem;PenetrationBonus;PenetrationClass;WeaponResourceMax,InventoryItem/HiPower.lua,5db078dfb2c9206f39e491a1d26b6e7f1f6f1220
SWModel5906,S&W Model 5906,pistol,Пистолеты,Pistol,active,2,1,2-1,assigned,google_sheet:Пист,2-1,,JAZZ_Caliber_9x19,24,20,1,0,35,16,3000,4000,2,8,3,3,1,18,6,47,14,5400,22,75,-20,1000,-1,1,OneHanded,Leg,0,0,1250,6,4,SingleShot;DualShot;MobileShot;JAZZ_Mozambique;JAZZ_DoubleTap,4,9,BurstShots;Cumbersome;DegradePerShot;HandSlot;LargeItem;PenetrationBonus;PenetrationClass;WeaponResource;WeaponResourceMax,InventoryItem/SWModel5906.lua,5db078dfb2c9206f39e491a1d26b6e7f1f6f1220
VectorCP1,Vektor CP1,pistol,Пистолеты,Pistol,active,2,1,2-1,assigned,google_sheet:Пист,2-1,,JAZZ_Caliber_9x19,20,20,1,0,35,15,2000,3000,3,5,3,3,1,17,5,44,25,5400,20,20,-20,1000,-1,1,OneHanded,Leg,0,0,1250,6,3,SingleShot;DualShot;MobileShot;JAZZ_Mozambique;JAZZ_DoubleTap,3,5,BurstShots;Cumbersome;DegradePerShot;HandSlot;LargeItem;MaxAimActions;Noise;PenetrationBonus;PenetrationClass;WeaponResource;WeaponResourceMax,InventoryItem/VectorCP1.lua,5db078dfb2c9206f39e491a1d26b6e7f1f6f1220
MP446VIKING,Викинг,pistol,Пистолеты,Pistol,active,2,2,2-2,assigned,google_sheet:Пист,2-3,,JAZZ_Caliber_9x19,25,20,1,0,30,17,3000,4000,2,6,3,3,1,18,7,49,21,5400,24,60,-20,1800,-1,1,OneHanded,Leg,0,0,1600,6,5,SingleShot;DualShot;MobileShot;JAZZ_Mozambique;JAZZ_DoubleTap,5,9,BurstShots;Cumbersome;DegradePerShot;HandSlot;LargeItem;PenetrationBonus;PenetrationClass;WeaponResourceMax,InventoryItem/MP446VIKING.lua,5db078dfb2c9206f39e491a1d26b6e7f1f6f1220
Bereta92,Beretta 92F,pistol,Пистолеты,Pistol,active,2,2,2-2,assigned,google_sheet:Пист,2-3,,JAZZ_Caliber_9x19,26,20,1,0,30,17,3000,3000,2,9,3,3,1,17,7,52,16,5400,22,70,-10,1300,-1,1,OneHanded,Leg,0,0,1500,6,10,SingleShot;DualShot;MobileShot;JAZZ_Mozambique;JAZZ_DoubleTap,6,11,BurstShots;Cumbersome;DegradePerShot;HandSlot;LargeItem;PenetrationBonus;PenetrationClass;WeaponResourceMax,InventoryItem/Bereta92.lua,5db078dfb2c9206f39e491a1d26b6e7f1f6f1220
CZ75,CZ75,pistol,Пистолеты,Pistol,active,2,2,2-2,assigned,google_sheet:Пист,2-3,,JAZZ_Caliber_9x19,24,20,1,0,35,16,3000,4000,2,8,3,3,1,18,7,52,27,5400,24,75,-20,1500,-1,1,OneHanded,Leg,0,0,1250,6,7,SingleShot;DualShot;MobileShot;JAZZ_Mozambique;JAZZ_DoubleTap,3,5,BurstShots;Cumbersome;DegradePerShot;HandSlot;LargeItem;PenetrationBonus;PenetrationClass;WeaponResourceMax,InventoryItem/CZ75.lua,5db078dfb2c9206f39e491a1d26b6e7f1f6f1220
DesertEagle,Desert Eagle,pistol,Пистолеты,Pistol,active,2,3,2-3,assigned,google_sheet:Пист,2-3,2,JAZZ_Caliber_44CAL,35,50,1,0,45,8,4000,4000,3,8,3,3,1,20,8,40,2,4920,36,45,0,700,-1,1,OneHanded,Leg,0,0,10000,10,15,SingleShot;DualShot;MobileShot;JAZZ_Mozambique;JAZZ_DoubleTap,5,12,BaseJamChance;BurstShots;Cumbersome;DegradePerShot;HandSlot;LargeItem;MaxAimActions;PenetrationBonus;PenetrationClass;WeaponRange;WeaponResourceMax,InventoryItem/DesertEagle.lua,5db078dfb2c9206f39e491a1d26b6e7f1f6f1220
Kimber,Kimber,pistol,Пистолеты,Pistol,active,2,4,2-4,assigned,google_sheet:Пист,2-4,,JAZZ_Caliber_45ACP,32,25,1,0,30,7,3000,3000,2,7,3,3,1,15,6,59,18,5400,28,65,-10,1400,-1,1,OneHanded,Leg,0,0,600,6,6,SingleShot;DualShot;MobileShot;JAZZ_Mozambique;JAZZ_DoubleTap,6,10,BurstShots;Cumbersome;DegradePerShot;HandSlot;LargeItem;PenetrationBonus;PenetrationClass;WeaponResourceMax,InventoryItem/Kimber.lua,5db078dfb2c9206f39e491a1d26b6e7f1f6f1220
USP45,USP45 Tactical,pistol,Пистолеты,Pistol,active,2,4,2-4,assigned,google_sheet:Пист,2-4,2,JAZZ_Caliber_45ACP,29,25,1,0,45,12,3000,4000,3,8,3,3,1,16,5,59,14,5400,28,90,-20,2000,-1,1,OneHanded,Leg,0,0,2500,6,4,SingleShot;DualShot;MobileShot;JAZZ_Mozambique;JAZZ_DoubleTap,5,9,BurstShots;Cumbersome;DegradePerShot;HandSlot;LargeItem;MaxAimActions;PenetrationBonus;PenetrationClass;WeaponResourceMax,InventoryItem/USP45.lua,5db078dfb2c9206f39e491a1d26b6e7f1f6f1220
Glock17,Glock 17,pistol,Пистолеты,Pistol,active,2,5,2-5,assigned,google_sheet:Пист,2-5,2,JAZZ_Caliber_9x19,21,15,1,0,10,17,2000,3000,2,6,1,1,9,18,6,49,28,5400,22,95,-20,2400,-1,1,OneHanded,Leg,0,0,7000,6,12,SingleShot;DualShot;MobileShot;JAZZ_Mozambique;JAZZ_DoubleTap,5,12,CritChanceScaled;Cumbersome;DegradePerShot;HandSlot;LargeItem;PenetrationBonus;PenetrationClass;WeaponResourceMax,InventoryItem/Glock17.lua,5db078dfb2c9206f39e491a1d26b6e7f1f6f1220
GrizzlyLAR,Grizzly LAR,pistol,Пистолеты,Pistol,active,2,5,2-5,assigned,google_sheet:Пист,2-5,2,JAZZ_Caliber_50AE,38,50,1,0,45,6,4000,4000,3,9,3,3,1,20,8,40,14,4920,36,35,0,800,-1,1,OneHanded,Leg,0,0,10000,10,15,SingleShot;DualShot;MobileShot;JAZZ_Mozambique;JAZZ_DoubleTap,0,0,BaseJamChance;BurstShots;Cumbersome;DegradePerShot;HandSlot;LargeItem;MaxAimActions;PenetrationBonus;PenetrationClass;WeaponRange;WeaponResourceMax,InventoryItem/GrizzlyLAR.lua,5db078dfb2c9206f39e491a1d26b6e7f1f6f1220
P220,P-220,pistol,Пистолеты,Pistol,active,3,1,3-1,assigned,google_sheet:Пист,,,JAZZ_Caliber_45ACP,30,25,1,0,40,8,3000,3000,2,9,3,3,1,16,7,55,20,5400,28,80,-20,1800,-1,1,OneHanded,Leg,0,0,2200,6,7,SingleShot;DualShot;MobileShot;JAZZ_Mozambique;JAZZ_DoubleTap,5,11,BurstShots;Cumbersome;DegradePerShot;HandSlot;LargeItem;PenetrationBonus;PenetrationClass;WeaponResourceMax,InventoryItem/P220.lua,5db078dfb2c9206f39e491a1d26b6e7f1f6f1220
P226,P-226,pistol,Пистолеты,Pistol,active,3,4,3-4,assigned,google_sheet:Пист,3-3,2,JAZZ_Caliber_9x19,25,25,1,0,25,15,2000,3000,2,10,3,3,1,19,8,46,26,5400,20,85,-100,3200,-1,1,OneHanded,Leg,0,0,3000,6,9,SingleShot;DualShot;MobileShot;JAZZ_Mozambique;JAZZ_DoubleTap,7,18,BurstShots;Cumbersome;DegradePerShot;HandSlot;LargeItem;Noise;PenetrationBonus;PenetrationClass;WeaponResourceMax,InventoryItem/P226.lua,5db078dfb2c9206f39e491a1d26b6e7f1f6f1220
FiveSeven,FiveSeven,pistol,Пистолеты,Pistol,active,3,5,3-5,assigned,google_sheet:Пист,3-5,2,JAZZ_Caliber_57,20,25,1,0,45,20,2000,3000,2,7,3,3,1,23,10,40,30,5400,25,75,-20,1800,-1,1,OneHanded,Leg,0,0,20000,6,16,SingleShot;DualShot;MobileShot;JAZZ_Mozambique;JAZZ_DoubleTap,3,7,BurstShots;Cumbersome;DegradePerShot;HandSlot;LargeItem;PenetrationBonus;PenetrationClass;WeaponResourceMax,InventoryItem/FiveSeven.lua,5db078dfb2c9206f39e491a1d26b6e7f1f6f1220
Scorpion,Scorpion,autopistol,Автоматические пистолеты,Autopistol,active,1,3,1-3,assigned,google_sheet:АвтоП,1-3,,JAZZ_Caliber_9x18,15,15,1,0,5,20,3000,4000,2,4,4,8,4,18,5,39,10,4680,22,40,0,2000,-1,1,OneHanded,Leg,0,0,1000,3,3,BurstFire;AutoFire;SingleShot;DualShot;JAZZ_SmgStorm;JAZZ_RunAndSMGStorm,3,4,BaseJamChance;Cost;Cumbersome;DegradePerShot;HandSlot;LargeItem;PenetrationBonus;PenetrationClass;Reliability;WeaponResourceMax,InventoryItem/Scorpion.lua,5db078dfb2c9206f39e491a1d26b6e7f1f6f1220
MicroUZI,Мини Узи,autopistol,Автоматические пистолеты,Autopistol,active,2,1,2-1,assigned,google_sheet:АвтоП,2-1,,JAZZ_Caliber_9x19,20,20,1,0,10,20,4000,5000,2,6,6,12,7,19,6,39,4,4920,28,50,-10,2500,-1,1,OneHanded,Leg,0,0,2200,6,5,BurstFire;AutoFire;SingleShot;DualShot;JAZZ_SmgStorm;JAZZ_RunAndSMGStorm,6,15,CritChanceScaled;Cumbersome;DegradePerShot;HandSlot;LargeItem;PenetrationBonus;PenetrationClass;WeaponResourceMax,InventoryItem/MicroUZI.lua,5db078dfb2c9206f39e491a1d26b6e7f1f6f1220
MAC10,MAC-10,autopistol,Автоматические пистолеты,Autopistol,active,2,1,2-1,assigned,google_sheet:АвтоП,2-1,,JAZZ_Caliber_45ACP,27,25,1,0,30,30,4000,5000,2,4,5,10,9,16,4,44,6,4680,30,70,-20,2700,-1,1,OneHanded,Leg,0,0,3000,6,4,BurstFire;AutoFire;SingleShot;DualShot;JAZZ_SmgStorm;JAZZ_RunAndSMGStorm,3,5,AutoShots;Cumbersome;DegradePerShot;HandSlot;LargeItem;PenetrationBonus;PenetrationClass;WeaponResourceMax,InventoryItem/MAC10.lua,5db078dfb2c9206f39e491a1d26b6e7f1f6f1220
Beretta93r,Beretta 93r,autopistol,Автоматические пистолеты,Autopistol,active,2,3,2-3,assigned,google_sheet:АвтоП,2-3,,JAZZ_Caliber_9x19,22,20,1,0,35,16,3000,4000,2,8,3,9,1,18,6,46,16,5400,19,60,-20,1000,-1,1,OneHanded,Leg,0,0,1250,6,15,SingleShot;BurstFire;DualShot;JAZZ_SmgStorm;JAZZ_RunAndSMGStorm,3,5,BurstShots;Cumbersome;DegradePerShot;HandSlot;LargeItem;PenetrationBonus;PenetrationClass;WeaponResource;WeaponResourceMax,InventoryItem/Beretta93r.lua,5db078dfb2c9206f39e491a1d26b6e7f1f6f1220
APS,Пистолет Стечкина,autopistol,Автоматические пистолеты,Autopistol,active,2,4,2-4,assigned,google_sheet:АвтоП,2-2,2,JAZZ_Caliber_9x18,20,20,1,0,10,18,3000,4000,2,7,6,6,5,17,6,52,18,5400,19,55,-20,2500,-1,1,OneHanded,Leg,0,0,6000,6,10,SingleShot;BurstFire;DualShot;JAZZ_SmgStorm;JAZZ_RunAndSMGStorm,4,6,CritChanceScaled;Cumbersome;DegradePerShot;HandSlot;LargeItem;PenetrationBonus;PenetrationClass;WeaponResourceMax,InventoryItem/APS.lua,5db078dfb2c9206f39e491a1d26b6e7f1f6f1220
Glock18,Glock 18,autopistol,Автоматические пистолеты,Autopistol,active,2,5,2-5,assigned,google_sheet:АвтоП,2-5,2,JAZZ_Caliber_9x19,19,15,1,0,10,17,2000,3000,2,5,4,12,9,18,5,43,25,5400,22,90,0,1500,-1,1,OneHanded,Leg,0,0,15000,6,15,BurstFire;SingleShot;DualShot;JAZZ_SmgStorm;JAZZ_RunAndSMGStorm,6,13,BaseJamChance;CritChanceScaled;Cumbersome;DegradePerShot;HandSlot;LargeItem;PenetrationBonus;PenetrationClass;WeaponResourceMax,InventoryItem/Glock18.lua,5db078dfb2c9206f39e491a1d26b6e7f1f6f1220
SWModel10,S&W Model10 .38 Special,revolver,Револьверы,Revolver,active,1,1,1-1,assigned,google_sheet:Рев,1-1,,JAZZ_Caliber_38,16,40,1,0,30,6,3000,5000,3,8,3,3,1,15,5,56,18,5100,15,95,-100,1000,-1,1,OneHanded,Leg,0,0,500,6,1,SingleShot;DualShot;JAZZ_Fanning;JAZZ_Bullseye,3,7,BurstShots;Cumbersome;DegradePerShot;HandSlot;LargeItem;MaxAimActions;PenetrationBonus;PenetrationClass;WeaponResource;WeaponResourceMax,InventoryItem/SWModel10.lua,5db078dfb2c9206f39e491a1d26b6e7f1f6f1220
Colt38Special,Colt .38 Special,revolver,Револьверы,Revolver,active,1,2,1-2,assigned,google_sheet:Рев,1-2,,JAZZ_Caliber_38,16,40,1,0,30,6,3000,5000,3,8,3,3,1,15,5,56,16,5100,12,95,-100,1000,-1,1,OneHanded,Leg,0,0,500,6,1,SingleShot;DualShot;JAZZ_Fanning;JAZZ_Bullseye,2,3,BurstShots;Cumbersome;DegradePerShot;HandSlot;LargeItem;MaxAimActions;PenetrationBonus;PenetrationClass;WeaponResource;WeaponResourceMax,InventoryItem/Colt38Special.lua,5db078dfb2c9206f39e491a1d26b6e7f1f6f1220
ColtM1917,Colt M1917 .45 Service Revolver,revolver,Револьверы,Revolver,active,1,2,1-2,assigned,google_sheet:Рев,1-2,,JAZZ_Caliber_45ACP,26,40,1,0,30,6,4000,5000,3,8,3,3,1,16,5,54,18,5100,28,95,-100,1000,-1,1,OneHanded,Leg,0,0,500,6,1,SingleShot;DualShot;JAZZ_Fanning;JAZZ_Bullseye,1,1,BurstShots;Cumbersome;DegradePerShot;HandSlot;LargeItem;MaxAimActions;PenetrationBonus;PenetrationClass;WeaponResource;WeaponResourceMax,InventoryItem/ColtM1917.lua,5db078dfb2c9206f39e491a1d26b6e7f1f6f1220
ColtPeacemaker,Peacemaker,revolver,Револьверы,Revolver,active,1,2,1-2,assigned,google_sheet:Рев,1-2,,JAZZ_Caliber_357,34,40,1,0,30,6,4000,5000,3,6,3,3,1,19,6,52,6,5100,32,95,-100,3000,-1,1,OneHanded,Leg,0,0,500,6,4,SingleShot;DualShot;JAZZ_Fanning;JAZZ_Bullseye,2,3,BurstShots;Cumbersome;DegradePerShot;HandSlot;LargeItem;MaxAimActions;PenetrationBonus;PenetrationClass;WeaponResourceMax,InventoryItem/ColtPeacemaker.lua,5db078dfb2c9206f39e491a1d26b6e7f1f6f1220
SWModel19,S*W Model19 .357 Combat Magnum,revolver,Револьверы,Revolver,active,1,3,1-3,assigned,google_sheet:Рев,1-3,,JAZZ_Caliber_357,28,40,1,0,30,6,4000,5000,3,10,3,3,1,18,6,54,15,5100,28,95,-100,1000,-1,1,OneHanded,Leg,0,0,500,6,2,SingleShot;DualShot;JAZZ_Fanning;JAZZ_Bullseye,3,8,BurstShots;Cumbersome;DegradePerShot;HandSlot;LargeItem;MaxAimActions;PenetrationBonus;PenetrationClass;WeaponResource;WeaponResourceMax,InventoryItem/SWModel19.lua,5db078dfb2c9206f39e491a1d26b6e7f1f6f1220
Welrod,Welrod,revolver,Револьверы,Revolver,active,1,UNIQ,1-UNIQ,unique,google_sheet:Пист,,,JAZZ_Caliber_9x19,23,40,1,0,60,6,4000,4000,4,7,3,3,1,16,5,53,14,5100,1,35,-100,1000,-1,1,OneHanded,Leg,0,0,500,6,5,SingleShot;DualShot;MobileShot;JAZZ_Mozambique;JAZZ_DoubleTap,2,2,BurstShots;Cumbersome;DegradePerShot;HandSlot;LargeItem;PenetrationBonus;PenetrationClass;WeaponResource;WeaponResourceMax,InventoryItem/Welrod.lua,5db078dfb2c9206f39e491a1d26b6e7f1f6f1220
Webley,Webley Mk VI,revolver,Револьверы,Revolver,active,2,1,2-1,assigned,google_sheet:Рев,2-1,,JAZZ_Caliber_45ACP,27,40,1,0,30,6,4000,4000,3,9,3,3,1,16,5,68,20,5100,28,95,-100,1000,-1,1,OneHanded,Leg,0,0,500,6,3,SingleShot;DualShot;JAZZ_Fanning;JAZZ_Bullseye,2,3,BurstShots;Cumbersome;DegradePerShot;HandSlot;LargeItem;MaxAimActions;PenetrationBonus;PenetrationClass;WeaponResource;WeaponResourceMax,InventoryItem/Webley.lua,5db078dfb2c9206f39e491a1d26b6e7f1f6f1220
MR73,Manurhin MR 73,revolver,Револьверы,Revolver,active,2,3,2-3,assigned,google_sheet:Рев,2-3,,JAZZ_Caliber_357,29,40,1,0,30,6,5000,5000,3,12,3,3,1,20,7,51,17,5100,32,95,-100,1000,-1,1,OneHanded,Leg,0,0,500,6,6,SingleShot;DualShot;JAZZ_Fanning;JAZZ_Bullseye,3,5,BurstShots;Cumbersome;DegradePerShot;HandSlot;LargeItem;MaxAimActions;PenetrationBonus;PenetrationClass;WeaponRange;WeaponResource;WeaponResourceMax,InventoryItem/MR73.lua,5db078dfb2c9206f39e491a1d26b6e7f1f6f1220
SWModel29,SWModel29,revolver,Револьверы,Revolver,active,2,4,2-4,assigned,google_sheet:Рев,2-4,,JAZZ_Caliber_44CAL,42,40,1,0,30,6,4000,5000,3,10,3,3,1,21,7,48,5,5100,32,95,-100,1000,-1,1,OneHanded,Leg,0,0,500,6,4,SingleShot;DualShot;JAZZ_Fanning;JAZZ_Bullseye,3,7,BurstShots;Cumbersome;DegradePerShot;HandSlot;LargeItem;MaxAimActions;PenetrationBonus;PenetrationClass;WeaponResource;WeaponResourceMax,InventoryItem/SWModel29.lua,5db078dfb2c9206f39e491a1d26b6e7f1f6f1220
ColtAnaconda,Anaconda,revolver,Револьверы,Revolver,active,2,5,2-5,assigned,google_sheet:Рев,2-5,,JAZZ_Caliber_44CAL,35,40,1,0,40,6,4000,5000,3,9,3,3,1,21,8,45,2,5100,32,95,-100,3500,-1,1,OneHanded,Leg,0,0,1200,8,5,SingleShot;DualShot;JAZZ_Fanning;JAZZ_Bullseye,3,12,BurstShots;Cumbersome;DegradePerShot;HandSlot;LargeItem;MaxAimActions;PenetrationBonus;PenetrationClass;WeaponResourceMax,InventoryItem/ColtAnaconda.lua,5db078dfb2c9206f39e491a1d26b6e7f1f6f1220
RSH12,РШ-12,revolver,Револьверы,Revolver,active,2,UNIQ,2-UNIQ,unique,google_sheet:Рев,3-UNIQ,2,JAZZ_Caliber_50BMG,36,70,1,0,40,6,4000,5000,3,10,3,3,1,20,10,40,-2,5400,40,95,-50,3500,-1,1,OneHanded,Leg,0,0,3100,8,30,SingleShot;DualShot;JAZZ_Fanning;JAZZ_Bullseye,2,5,BurstShots;Cumbersome;DegradePerShot;HandSlot;LargeItem;MaxAimActions;PenetrationBonus;PenetrationClass;WeaponRange;WeaponResourceMax,InventoryItem/RSH12.lua,5db078dfb2c9206f39e491a1d26b6e7f1f6f1220
Korth,Korth Revolver,revolver,Револьверы,Revolver,active,3,1,3-1,assigned,google_sheet:Рев,3-1,,JAZZ_Caliber_357,30,40,1,0,30,6,3000,5000,3,14,3,3,1,24,7,48,18,5100,32,95,-100,1000,-1,1,OneHanded,Leg,0,0,500,6,25,SingleShot;DualShot;JAZZ_Fanning;JAZZ_Bullseye,3,5,BurstShots;Cumbersome;DegradePerShot;HandSlot;LargeItem;MaxAimActions;PenetrationBonus;PenetrationClass;WeaponResource;WeaponResourceMax,InventoryItem/Korth.lua,5db078dfb2c9206f39e491a1d26b6e7f1f6f1220
TexRevolver,Именной револьвер,revolver,Револьверы,Revolver,active,3,UNIQ,3-UNIQ,unique,google_sheet:Рев,3-UNIQ,,JAZZ_Caliber_44CAL,36,40,1,0,60,6,4000,5000,3,8,3,3,1,21,7,44,24,5400,40,95,-100,50000,-1,1,OneHanded,Leg,0,0,2000,8,15,SingleShot;DualShot;JAZZ_Fanning;JAZZ_Bullseye,1,1,BurstShots;Cumbersome;DegradePerShot;HandSlot;LargeItem;MaxAimActions;PenetrationBonus;PenetrationClass;WeaponResourceMax,InventoryItem/TexRevolver.lua,5db078dfb2c9206f39e491a1d26b6e7f1f6f1220
MAT49,MAT-49,submachine-gun,Пистолеты-пулемёты,SubmachineGun,active,1,1,1-1,assigned,google_sheet:ПП,1-1,,JAZZ_Caliber_9x19,16,20,1,0,10,32,5000,5000,2,4,3,6,5,24,7,29,-10,3960,32,45,50,1200,-1,1,TwoHanded,Shoulder,1,0,500,6,1,BurstFire;AutoFire;RunAndGun;JAZZ_Zipper,2,3,BurstShots;CritChanceScaled;Cumbersome;DegradePerShot;PenetrationBonus;PenetrationClass;WeaponResourceMax,InventoryItem/MAT49.lua,5db078dfb2c9206f39e491a1d26b6e7f1f6f1220
MP40,MP40,submachine-gun,Пистолеты-пулемёты,SubmachineGun,active,1,1,1-1,assigned,google_sheet:ПП,1-1,,JAZZ_Caliber_9x19,18,20,1,0,10,32,5000,6000,2,6,2,5,4,25,9,32,-8,4080,32,50,30,1600,-1,1,TwoHanded,Shoulder,1,0,500,6,2,BurstFire;AutoFire;RunAndGun;JAZZ_Zipper,1,2,CritChanceScaled;Cumbersome;DegradePerShot;PenetrationBonus;PenetrationClass;WeaponResourceMax,InventoryItem/MP40.lua,5db078dfb2c9206f39e491a1d26b6e7f1f6f1220
Sterling,Стерлинг,submachine-gun,Пистолеты-пулемёты,SubmachineGun,active,1,2,1-2,assigned,google_sheet:ПП,1-2,2,JAZZ_Caliber_9x19,21,20,1,0,10,34,5000,6000,2,7,2,6,3,25,9,35,-5,4200,32,55,-20,3200,-1,1,TwoHanded,Shoulder,1,0,2200,8,3,BurstFire;AutoFire;SingleShot;RunAndGun;JAZZ_Zipper,1,2,CritChanceScaled;Cumbersome;DegradePerShot;PenetrationBonus;PenetrationClass;WeaponResourceMax,InventoryItem/Sterling.lua,5db078dfb2c9206f39e491a1d26b6e7f1f6f1220
M3GreaseGun,M3 Grease Gun,submachine-gun,Пистолеты-пулемёты,SubmachineGun,active,1,2,1-2,assigned,google_sheet:ПП,1-2,,JAZZ_Caliber_45ACP,25,25,1,0,30,30,5000,6000,2,5,2,5,8,20,8,38,-7,4320,36,60,0,4200,-1,1,TwoHanded,Shoulder,1,0,500,6,1,BurstFire;AutoFire;SingleShot;RunAndGun;JAZZ_Zipper,1,2,BaseJamChance;Cumbersome;DegradePerShot;PenetrationBonus;PenetrationClass;WeaponRange;WeaponResourceMax,InventoryItem/M3GreaseGun.lua,5db078dfb2c9206f39e491a1d26b6e7f1f6f1220
PPS43,ППС-43,submachine-gun,Пистолеты-пулемёты,SubmachineGun,active,1,3,1-3,assigned,google_sheet:ПП,1-3,,JAZZ_Caliber_762x25,20,15,1,0,5,35,6000,6000,2,7,3,7,7,28,11,29,-5,4200,37,65,-10,4800,-1,1,TwoHanded,Shoulder,1,0,800,6,2,BurstFire;AutoFire;SingleShot;RunAndGun;JAZZ_Zipper,1,2,BurstShots;Cumbersome;DegradePerShot;PenetrationBonus;PenetrationClass;WeaponResourceMax,InventoryItem/PPS43.lua,5db078dfb2c9206f39e491a1d26b6e7f1f6f1220
PPSH,ППШ,submachine-gun,Пистолеты-пулемёты,SubmachineGun,active,1,3,1-3,assigned,google_sheet:ПП,1-3,,JAZZ_Caliber_762x25,18,15,1,0,5,35,6000,6000,2,6,5,10,6,27,10,26,-7,3900,36,60,0,6200,-1,1,TwoHanded,Shoulder,1,0,1000,6,3,BurstFire;AutoFire;SingleShot;RunAndGun;JAZZ_Zipper,1,2,AutoShots;BaseJamChance;Cost;Cumbersome;DegradePerShot;PenetrationBonus;PenetrationClass;WeaponResourceMax,InventoryItem/PPSH.lua,5db078dfb2c9206f39e491a1d26b6e7f1f6f1220
Thompson,Thompson,submachine-gun,Пистолеты-пулемёты,SubmachineGun,active,1,3,1-3,assigned,google_sheet:ПП,1-3,,JAZZ_Caliber_45ACP,23,25,1,0,30,30,5000,5000,3,8,4,8,8,19,6,39,-4,4320,37,50,0,1800,-1,1,TwoHanded,Shoulder,1,0,1000,6,3,BurstFire;AutoFire;SingleShot;RunAndGun;JAZZ_Zipper,1,2,BaseJamChance;Cost;Cumbersome;DegradePerShot;MaxAimActions;PenetrationBonus;PenetrationClass;WeaponResourceMax,InventoryItem/Thompson.lua,5db078dfb2c9206f39e491a1d26b6e7f1f6f1220
MPL,Walther MP,submachine-gun,Пистолеты-пулемёты,SubmachineGun,active,1,3,1-3,assigned,google_sheet:ПП,1-3,,JAZZ_Caliber_9x19,24,20,1,0,10,30,5000,6000,2,7,2,6,4,26,9,35,5,4320,32,60,-10,4000,-1,1,TwoHanded,Leg,1,0,1800,8,3,BurstFire;AutoFire;SingleShot;RunAndGun;JAZZ_Zipper,2,3,CritChanceScaled;Cumbersome;DegradePerShot;PenetrationBonus;PenetrationClass;WeaponResourceMax,InventoryItem/MPL.lua,5db078dfb2c9206f39e491a1d26b6e7f1f6f1220
Agram2000,Аграм 2000,submachine-gun,Пистолеты-пулемёты,SubmachineGun,active,2,1,2-1,assigned,google_sheet:ПП,2-1,,JAZZ_Caliber_9x19,19,20,1,0,10,32,4000,5000,2,6,4,8,6,21,8,34,14,4680,28,30,-10,1500,-1,1,OneHanded,Leg,1,0,1600,6,3,BurstFire;AutoFire;SingleShot;RunAndGun;JAZZ_Zipper,2,2,CritChanceScaled;Cumbersome;DegradePerShot;HandSlot;PenetrationBonus;PenetrationClass;WeaponResourceMax,InventoryItem/Agram2000.lua,5db078dfb2c9206f39e491a1d26b6e7f1f6f1220
UZI,Узи Полноразмерный,submachine-gun,Пистолеты-пулемёты,SubmachineGun,active,2,1,2-1,assigned,google_sheet:ПП,2-1,,JAZZ_Caliber_9x19,24,20,1,0,10,32,4000,4000,3,7,3,6,4,26,10,33,2,4080,30,75,-20,3600,-1,1,TwoHanded,Leg,1,0,2400,6,6,BurstFire;AutoFire;SingleShot;RunAndGun;JAZZ_Zipper,4,11,BurstShots;CritChanceScaled;Cumbersome;DegradePerShot;MaxAimActions;PenetrationBonus;PenetrationClass;WeaponResourceMax,InventoryItem/UZI.lua,5db078dfb2c9206f39e491a1d26b6e7f1f6f1220
M45,Carl Gustaf M/45,submachine-gun,Пистолеты-пулемёты,SubmachineGun,active,2,1,2-1,assigned,google_sheet:ПП,2-1,,JAZZ_Caliber_9x19,25,20,1,0,10,32,4000,4000,3,8,3,6,4,26,12,34,6,4320,32,70,-20,3800,-1,1,TwoHanded,Leg,1,0,1700,8,3,BurstFire;AutoFire;RunAndGun;JAZZ_Zipper,2,3,BurstShots;CritChanceScaled;Cumbersome;DegradePerShot;MaxAimActions;PenetrationBonus;PenetrationClass;WeaponResourceMax,InventoryItem/M45.lua,5db078dfb2c9206f39e491a1d26b6e7f1f6f1220
BerettaM12,Беретта М12,submachine-gun,Пистолеты-пулемёты,SubmachineGun,active,2,2,2-2,assigned,google_sheet:ПП,2-2,,JAZZ_Caliber_9x19,25,20,1,0,10,32,4000,4000,3,9,2,6,3,28,10,34,7,4200,29,60,-30,4500,-1,1,OneHanded,Leg,1,0,2800,6,4,BurstFire;AutoFire;SingleShot;RunAndGun;JAZZ_Zipper,3,5,CritChanceScaled;Cumbersome;DegradePerShot;HandSlot;MaxAimActions;PenetrationBonus;PenetrationClass;WeaponResourceMax,InventoryItem/BerettaM12.lua,5db078dfb2c9206f39e491a1d26b6e7f1f6f1220
PP19Bizon,ПП19 Бизон,submachine-gun,Пистолеты-пулемёты,SubmachineGun,active,2,3,2-3,assigned,google_sheet:ПП,2-3,2,JAZZ_Caliber_9x18,18,15,1,0,30,64,5000,7000,3,7,4,12,2,24,10,33,8,4080,26,75,-30,6000,-1,1,TwoHanded,Shoulder,1,0,8000,8,12,BurstFire;AutoFire;SingleShot;RunAndGun;JAZZ_Zipper,2,7,Cumbersome;DegradePerShot;MaxAimActions;PenetrationBonus;PenetrationClass;WeaponResourceMax,InventoryItem/PP19Bizon.lua,5db078dfb2c9206f39e491a1d26b6e7f1f6f1220
SpectreM4,Spectre M4,submachine-gun,Пистолеты-пулемёты,SubmachineGun,active,2,3,2-3,assigned,google_sheet:ПП,2-3,,JAZZ_Caliber_9x19,21,20,1,0,10,50,4000,6000,2,6,4,9,5,25,9,32,11,4080,34,55,-20,3000,-1,1,OneHanded,Leg,1,0,2800,6,8,BurstFire;AutoFire;SingleShot;RunAndGun;JAZZ_Zipper,1,1,CritChanceScaled;Cumbersome;DegradePerShot;HandSlot;PenetrationBonus;PenetrationClass;WeaponResourceMax,InventoryItem/SpectreM4.lua,5db078dfb2c9206f39e491a1d26b6e7f1f6f1220
MP5A2,MP5A2,submachine-gun,Пистолеты-пулемёты,SubmachineGun,active,2,4,2-4,assigned,google_sheet:ПП,2-4,2,JAZZ_Caliber_9x19,23,20,1,0,10,30,4000,4000,3,9,4,8,3,30,11,28,12,4320,28,85,-30,5000,-1,1,TwoHanded,Shoulder,1,0,5000,8,12,BurstFire;AutoFire;SingleShot;RunAndGun;JAZZ_Zipper,3,11,CritChanceScaled;Cumbersome;DegradePerShot;MaxAimActions;PenetrationBonus;PenetrationClass;WeaponResourceMax,InventoryItem/MP5A2.lua,5db078dfb2c9206f39e491a1d26b6e7f1f6f1220
MP5K,MP5K,submachine-gun,Пистолеты-пулемёты,SubmachineGun,active,2,4,2-4,assigned,google_sheet:ПП,2-3,,JAZZ_Caliber_9x19,22,20,1,0,10,30,4000,4000,2,7,4,9,7,22,8,36,15,4680,30,85,-30,4500,-1,1,TwoHanded,Leg,1,0,4200,8,12,BurstFire;AutoFire;SingleShot;RunAndGun;JAZZ_Zipper,8,23,CritChanceScaled;Cumbersome;DegradePerShot;PenetrationBonus;PenetrationClass;WeaponResourceMax,InventoryItem/MP5K.lua,5db078dfb2c9206f39e491a1d26b6e7f1f6f1220
TMP,TMP,submachine-gun,Пистолеты-пулемёты,SubmachineGun,active,2,4,2-4,assigned,google_sheet:ПП,2-4,2,JAZZ_Caliber_9x19,20,20,1,0,10,30,3000,4000,2,8,5,9,6,20,7,44,18,4920,25,85,-30,8500,-1,1,TwoHanded,Leg,1,0,28000,8,14,BurstFire;AutoFire;SingleShot;RunAndGun;JAZZ_Zipper,3,4,CritChanceScaled;Cumbersome;DegradePerShot;PenetrationBonus;PenetrationClass;WeaponRange;WeaponResourceMax,InventoryItem/TMP.lua,5db078dfb2c9206f39e491a1d26b6e7f1f6f1220
MP5A4,MP5A4,submachine-gun,Пистолеты-пулемёты,SubmachineGun,active,2,5,2-5,assigned,google_sheet:ПП,2-5,2,JAZZ_Caliber_9x19,23,20,1,0,10,30,4000,4000,3,9,3,8,3,30,11,28,12,4320,28,90,-30,5500,-1,1,TwoHanded,Shoulder,1,0,7000,8,12,BurstFire;AutoFire;SingleShot;RunAndGun;JAZZ_Zipper,5,15,BurstShots;CritChanceScaled;Cumbersome;DegradePerShot;MaxAimActions;PenetrationBonus;PenetrationClass;WeaponResourceMax,InventoryItem/MP5A4.lua,5db078dfb2c9206f39e491a1d26b6e7f1f6f1220
UMP45,UMP45,submachine-gun,Пистолеты-пулемёты,SubmachineGun,active,2,5,2-5,assigned,google_sheet:ПП,2-5,2,JAZZ_Caliber_45ACP,32,25,1,0,30,25,5000,4000,3,10,2,6,7,23,9,39,9,4200,29,85,-30,6000,-1,1,TwoHanded,Shoulder,1,0,8000,8,12,BurstFire;AutoFire;SingleShot;RunAndGun;JAZZ_Zipper,6,18,Cumbersome;DegradePerShot;MaxAimActions;PenetrationBonus;PenetrationClass;WeaponResourceMax,InventoryItem/UMP45.lua,5db078dfb2c9206f39e491a1d26b6e7f1f6f1220
MP5SD,MP5SD,submachine-gun,Пистолеты-пулемёты,SubmachineGun,active,3,1,3-1,assigned,google_sheet:ПП,3-1,3,JAZZ_Caliber_9x19,23,20,1,0,25,30,4000,4000,3,9,3,8,3,30,12,28,12,4320,3,88,-30,4500,-1,1,TwoHanded,Shoulder,1,0,25000,8,15,BurstFire;AutoFire;SingleShot;RunAndGun;JAZZ_Zipper,4,9,BurstShots;Cumbersome;DegradePerShot;MaxAimActions;PenetrationBonus;PenetrationClass;WeaponResourceMax,InventoryItem/MP5SD.lua,5db078dfb2c9206f39e491a1d26b6e7f1f6f1220
MP7,MP7,submachine-gun,Пистолеты-пулемёты,SubmachineGun,active,3,2,3-2,assigned,google_sheet:ПП,3-2,3,JAZZ_Caliber_46,23,25,1,0,20,30,4000,5000,2,8,5,10,6,26,10,31,20,4680,32,80,-30,8000,-1,1,TwoHanded,Shoulder,1,0,30000,10,18,BurstFire;AutoFire;SingleShot;RunAndGun;JAZZ_Zipper,4,13,AutoShots;Cumbersome;DegradePerShot;PenetrationBonus;PenetrationClass;WeaponResourceMax,InventoryItem/MP7.lua,5db078dfb2c9206f39e491a1d26b6e7f1f6f1220
P90,P90,submachine-gun,Пистолеты-пулемёты,SubmachineGun,active,3,2,3-2,assigned,google_sheet:ПП,3-1,3,JAZZ_Caliber_57,20,25,1,0,20,50,4000,7000,3,10,5,12,7,30,12,25,15,4440,35,75,-30,9500,-1,1,TwoHanded,Leg,1,0,35000,10,20,BurstFire;AutoFire;SingleShot;RunAndGun;JAZZ_Zipper,3,7,Cumbersome;DegradePerShot;MaxAimActions;PenetrationBonus;PenetrationClass;WeaponResourceMax,InventoryItem/P90.lua,5db078dfb2c9206f39e491a1d26b6e7f1f6f1220
M4Commando,ОТКЛЮЧЕНО,submachine-gun,Пистолеты-пулемёты,SubmachineGun,excluded_disabled,,,,excluded,excluded_disabled,,3,556,0,100,1,0,30,30,5000,3000,3,4,3,10,100,27,,0,0,1440,15,80,0,1000,-1,1,TwoHanded,Shoulder,1,0,8700,10,80,BurstFire;AutoFire;SingleShot;RunAndGun;CancelShot,6,24,AutoShots;BaseJamChance;BurstShots;Cumbersome;Damage;DegradePerShot;Grouping;Handling;MaxAimActions;ObjDamageMod;PenetrationBonus;PenetrationClass;Recoil;RepairCost;WeaponResource;WeaponResourceMax,InventoryItem/M4Commando.lua,5db078dfb2c9206f39e491a1d26b6e7f1f6f1220
MP5,ОТКЛЮЧЕНО,submachine-gun,Пистолеты-пулемёты,SubmachineGun,excluded_disabled,,,,excluded,excluded_disabled,,2,9mm,0,100,1,0,10,30,5000,3000,3,5,3,10,100,22,,0,0,1440,10,85,0,1000,-1,1,TwoHanded,Shoulder,1,0,2200,8,80,BurstFire;AutoFire;SingleShot;RunAndGun;CancelShot,7,21,AutoShots;BaseJamChance;BurstShots;CritChanceScaled;Cumbersome;Damage;DegradePerShot;Grouping;Handling;MaxAimActions;ObjDamageMod;PenetrationBonus;PenetrationClass;Recoil;RepairCost;WeaponResource;WeaponResourceMax,InventoryItem/MP5.lua,5db078dfb2c9206f39e491a1d26b6e7f1f6f1220
Winchester1894,Winchester 1894,carbine,Карабины,Carbine,active,1,1,1-1,assigned,google_sheet:КАР,1-1,,JAZZ_Caliber_44CAL,42,50,1,0,30,7,6000,8000,3,12,1,1,100,29,10,83,-15,1080,30,70,-100,3000,-1,1,TwoHanded,Shoulder,1,0,1750,8,3,SingleShot;RunAndGun_Carbine;JAZZ_TargetSweep,3,15,Cumbersome;DegradePerShot;MaxAimActions;PenetrationBonus;PenetrationClass;Recoil;WeaponResourceMax,InventoryItem/Winchester1894.lua,5db078dfb2c9206f39e491a1d26b6e7f1f6f1220
M2Carbine,Карбайн,carbine,Карабины,Carbine,active,1,2,1-2,assigned,google_sheet:КАР,1-1,,JAZZ_Caliber_30CAL,23,50,1,0,10,30,5000,6000,3,9,2,7,10,36,12,53,-10,1200,30,50,-100,3000,-1,1,TwoHanded,Shoulder,1,0,1750,8,3,SingleShot;JAZZ_TargetSweep;RunAndGun_Carbine,5,10,CritChanceScaled;Cumbersome;DegradePerShot;MaxAimActions;PenetrationBonus;PenetrationClass;WeaponResourceMax,InventoryItem/M2Carbine.lua,5db078dfb2c9206f39e491a1d26b6e7f1f6f1220
DeLisle,De Lisle Carbine,carbine,Карабины,Carbine,active,1,UNIQ,1-UNIQ,unique,google_sheet:КАР,1-3,2,JAZZ_Caliber_45ACP,30,50,1,0,80,7,5000,6000,4,12,1,1,100,28,9,61,-18,1200,2,50,-10,6000,-1,1,TwoHanded,Shoulder,1,0,7500,10,8,SingleShot;RunAndGun_Carbine;JAZZ_TargetSweep,2,12,Cumbersome;DegradePerShot;PenetrationBonus;PenetrationClass;Recoil;WeaponResourceMax,InventoryItem/DeLisle.lua,5db078dfb2c9206f39e491a1d26b6e7f1f6f1220
Mini14,Мини-14,carbine,Карабины,Carbine,active,2,1,2-1,assigned,google_sheet:КАР,1-3,2,JAZZ_Caliber_556,25,50,1,0,20,20,5000,6000,3,10,1,1,100,48,16,61,-5,1200,50,60,-10,6000,-1,1,TwoHanded,Shoulder,1,0,7500,10,8,SingleShot;RunAndGun_Carbine;JAZZ_TargetSweep,4,16,Cumbersome;DegradePerShot;MaxAimActions;PenetrationBonus;PenetrationClass;Recoil;WeaponResourceMax,InventoryItem/Mini14.lua,5db078dfb2c9206f39e491a1d26b6e7f1f6f1220
ZastavaM92,Zastava M92,carbine,Карабины,Carbine,active,2,1,2-1,assigned,google_sheet:КАР,2-1,,JAZZ_Caliber_762x39,26,50,1,0,10,30,5000,5000,3,14,3,6,18,37,12,53,6,1500,55,70,-20,5000,-1,1,TwoHanded,Shoulder,1,0,5500,10,10,BurstFire;AutoFire;SingleShot;RunAndGun_Carbine;JAZZ_TargetSweep,3,6,BurstShots;CritChanceScaled;Cumbersome;DegradePerShot;MaxAimActions;PenetrationBonus;PenetrationClass;WeaponResourceMax,InventoryItem/ZastavaM92.lua,5db078dfb2c9206f39e491a1d26b6e7f1f6f1220
CAR15,CAR-15,carbine,Карабины,Carbine,active,2,2,2-2,assigned,google_sheet:КАР,2-2,2,JAZZ_Caliber_556,19,50,1,0,20,30,4000,5000,3,9,4,8,12,40,14,55,4,1560,55,55,0,4000,-1,1,TwoHanded,Shoulder,1,0,4000,10,8,BurstFire;SingleShot;AutoFire;RunAndGun_Carbine;JAZZ_TargetSweep,5,19,BaseJamChance;Cumbersome;DegradePerShot;MaxAimActions;PenetrationBonus;PenetrationClass;WeaponResourceMax,InventoryItem/CAR15.lua,5db078dfb2c9206f39e491a1d26b6e7f1f6f1220
AKSU,АКС-74У,carbine,Карабины,Carbine,active,2,3,2-3,assigned,google_sheet:КАР,2-3,,JAZZ_Caliber_545,27,45,1,0,20,30,4000,6000,3,7,3,6,14,38,13,53,0,1500,50,65,-50,8500,-1,1,TwoHanded,Shoulder,1,0,28000,10,12,BurstFire;AutoFire;SingleShot;RunAndGun_Carbine;JAZZ_TargetSweep,5,11,BurstShots;Cumbersome;DegradePerShot;Handling;MaxAimActions;PenetrationBonus;PenetrationClass;WeaponResourceMax,InventoryItem/AKSU.lua,5db078dfb2c9206f39e491a1d26b6e7f1f6f1220
M4A1,M4A1,carbine,Карабины,Carbine,active,2,4,2-4,assigned,google_sheet:КАР,2-4,3,JAZZ_Caliber_556,22,50,1,0,20,30,5000,6000,3,11,4,8,10,42,15,57,2,1560,55,75,-10,8000,-1,1,TwoHanded,Shoulder,1,0,27000,10,14,BurstFire;SingleShot;AutoFire;RunAndGun_Carbine;JAZZ_TargetSweep,6,26,Cumbersome;DegradePerShot;MaxAimActions;PenetrationBonus;PenetrationClass;WeaponResourceMax,InventoryItem/M4A1.lua,5db078dfb2c9206f39e491a1d26b6e7f1f6f1220
VSS,ВСС,carbine,Карабины,Carbine,active,2,5,2-5,assigned,google_sheet:КАР,2-5,2,JAZZ_Caliber_9x39,32,40,1,0,40,20,5000,6000,3,14,3,9,12,38,13,62,-5,1500,5,65,-30,3000,-1,1,TwoHanded,Shoulder,1,0,100000,14,20,SingleShot;BurstFire;RunAndGun_Carbine;JAZZ_TargetSweep,2,17,BurstShots;Cumbersome;DegradePerShot;MaxAimActions;PenetrationBonus;PenetrationClass;WeaponResourceMax,InventoryItem/VSS.lua,5db078dfb2c9206f39e491a1d26b6e7f1f6f1220
G36c,G36c,carbine,Карабины,Carbine,active,2,5,2-5,assigned,google_sheet:КАР,2-5,2,JAZZ_Caliber_556,23,50,1,0,20,30,4000,6000,3,10,3,8,12,39,14,63,6,1560,48,85,-15,6500,-1,1,TwoHanded,Shoulder,1,0,24000,10,16,BurstFire;AutoFire;SingleShot;RunAndGun_Carbine;JAZZ_TargetSweep,6,23,BurstShots;Cumbersome;DegradePerShot;MaxAimActions;PenetrationBonus;PenetrationClass;WeaponResourceMax,InventoryItem/G36c.lua,5db078dfb2c9206f39e491a1d26b6e7f1f6f1220
Sig552,Sig 552,carbine,Карабины,Carbine,active,3,1,3-1,assigned,google_sheet:КАР,3-1,3,JAZZ_Caliber_556,24,50,1,0,20,30,5000,6000,3,12,3,7,9,40,17,63,8,1560,48,80,-30,9000,-1,1,TwoHanded,Shoulder,1,0,65000,10,16,BurstFire;AutoFire;SingleShot;RunAndGun_Carbine;JAZZ_TargetSweep,6,23,BurstShots;Cumbersome;DegradePerShot;MaxAimActions;PenetrationBonus;PenetrationClass;WeaponResourceMax,InventoryItem/Sig552.lua,5db078dfb2c9206f39e491a1d26b6e7f1f6f1220
Sig552SWAT,Sig 552 SWAT,carbine,Карабины,Carbine,active,3,2,3-2,assigned,google_sheet:КАР,3-2,3,JAZZ_Caliber_556,25,50,1,0,20,30,4000,6000,3,10,3,7,10,36,16,63,8,1560,48,85,-30,9000,-1,1,TwoHanded,Shoulder,1,0,70000,10,16,BurstFire;AutoFire;SingleShot;RunAndGun_Carbine;JAZZ_TargetSweep,5,20,BurstShots;Cumbersome;DegradePerShot;MaxAimActions;PenetrationBonus;PenetrationClass;WeaponResourceMax,InventoryItem/Sig552SWAT.lua,5db078dfb2c9206f39e491a1d26b6e7f1f6f1220
AS_Val,АС-ВАЛ,carbine,Карабины,Carbine,active,3,3,3-3,assigned,google_sheet:КАР,3-3,,JAZZ_Caliber_9x39,34,50,1,0,30,10,4000,6000,3,11,4,9,8,32,14,63,-2,1500,5,60,-30,3000,-1,1,TwoHanded,Shoulder,1,0,80000,10,30,BurstFire;AutoFire;SingleShot;RunAndGun_Carbine;JAZZ_TargetSweep,5,24,Cumbersome;DegradePerShot;MaxAimActions;PenetrationBonus;PenetrationClass;WeaponResourceMax,InventoryItem/AS_Val.lua,5db078dfb2c9206f39e491a1d26b6e7f1f6f1220
STG44,StG-44,assault-rifle,Штурмовые винтовки,AssaultRifle,active,1,2,1-2,assigned,google_sheet:ШВ,2-1,,JAZZ_Caliber_792x33,24,50,1,0,10,30,6000,6000,3,12,3,5,18,32,12,66,-15,1140,55,40,0,2500,-1,1,TwoHanded,Shoulder,1,0,1500,10,3,BurstFire;AutoFire;SingleShot;JAZZ_ManeuverAR;JAZZ_ControllableBurst;JAZZ_LargeAutoFire,2,2,BaseJamChance;BurstShots;CritChanceScaled;Cumbersome;DegradePerShot;MaxAimActions;PenetrationBonus;PenetrationClass;Reliability;WeaponResourceMax,InventoryItem/STG44.lua,5db078dfb2c9206f39e491a1d26b6e7f1f6f1220
M16A1,M16A1,assault-rifle,Штурмовые винтовки,AssaultRifle,active,2,1,2-1,assigned,google_sheet:ШВ,2-1,2,JAZZ_Caliber_556,20,50,1,0,20,30,6000,6000,3,12,4,8,11,46,15,61,-10,1260,52,45,5,4000,-1,1,TwoHanded,Shoulder,1,0,3500,10,9,BurstFire;SingleShot;AutoFire;JAZZ_ManeuverAR;JAZZ_ControllableBurst;JAZZ_LargeAutoFire,5,17,Cumbersome;DegradePerShot;MaxAimActions;PenetrationBonus;PenetrationClass;WeaponResourceMax,InventoryItem/M16A1.lua,5db078dfb2c9206f39e491a1d26b6e7f1f6f1220
Type56,Type 56,assault-rifle,Штурмовые винтовки,AssaultRifle,active,2,1,2-1,assigned,google_sheet:ШВ,2-1,,JAZZ_Caliber_762x39,24,50,1,0,10,30,6000,6000,3,8,3,6,18,38,13,47,-10,1320,55,70,0,2500,-1,1,TwoHanded,Shoulder,1,0,1500,10,3,BurstFire;AutoFire;SingleShot;JAZZ_ManeuverAR;JAZZ_ControllableBurst;JAZZ_LargeAutoFire,3,6,BaseJamChance;BurstShots;CritChanceScaled;Cumbersome;DegradePerShot;MaxAimActions;PenetrationBonus;PenetrationClass;WeaponResourceMax,InventoryItem/Type56.lua,5db078dfb2c9206f39e491a1d26b6e7f1f6f1220
FAMAS,FAMAS,assault-rifle,Штурмовые винтовки,AssaultRifle,active,2,2,2-2,assigned,google_sheet:ШВ,2-2,,JAZZ_Caliber_556,18,50,1,0,20,25,6000,8000,3,9,3,10,15,38,13,62,5,1380,52,55,0,4500,-1,1,TwoHanded,Shoulder,1,0,2500,10,12,BurstFire;AutoFire;SingleShot;JAZZ_ManeuverAR;JAZZ_ControllableBurst;JAZZ_LargeAutoFire,6,19,AutoShots;BaseJamChance;BurstShots;Cumbersome;DegradePerShot;MaxAimActions;PenetrationBonus;PenetrationClass;WeaponResourceMax,InventoryItem/FAMAS.lua,5db078dfb2c9206f39e491a1d26b6e7f1f6f1220
Zastava_M70,Zastava M70,assault-rifle,Штурмовые винтовки,AssaultRifle,active,2,2,2-2,assigned,google_sheet:ШВ,2-2,2,JAZZ_Caliber_762x39,26,50,1,0,10,30,6000,6000,3,10,3,6,15,38,14,63,-12,1380,56,75,-20,4500,-1,1,TwoHanded,Shoulder,1,0,5200,10,6,BurstFire;AutoFire;SingleShot;JAZZ_ManeuverAR;JAZZ_ControllableBurst;JAZZ_LargeAutoFire,5,8,BurstShots;CritChanceScaled;Cumbersome;DegradePerShot;MaxAimActions;PenetrationBonus;PenetrationClass;WeaponResourceMax,InventoryItem/Zastava_M70.lua,5db078dfb2c9206f39e491a1d26b6e7f1f6f1220
AK47,АК47,assault-rifle,Штурмовые винтовки,AssaultRifle,active,2,3,2-3,assigned,google_sheet:ШВ,2-3,,JAZZ_Caliber_762x39,28,50,1,0,10,30,6000,6000,3,10,3,6,15,38,14,63,-10,1320,55,90,-10,12000,-1,1,TwoHanded,Shoulder,1,0,8500,10,5,BurstFire;AutoFire;SingleShot;JAZZ_ManeuverAR;JAZZ_ControllableBurst;JAZZ_LargeAutoFire,4,7,BurstShots;CritChanceScaled;Cumbersome;DegradePerShot;MaxAimActions;PenetrationBonus;PenetrationClass;WeaponResourceMax,InventoryItem/AK47.lua,5db078dfb2c9206f39e491a1d26b6e7f1f6f1220
AKM,AKM,assault-rifle,Штурмовые винтовки,AssaultRifle,active,2,3,2-3,assigned,google_sheet:ШВ,2-3,2,JAZZ_Caliber_762x39,27,50,1,0,10,30,6000,6000,3,11,3,6,12,39,15,64,-8,1320,55,95,-50,10000,-1,1,TwoHanded,Shoulder,1,0,5200,10,7,BurstFire;AutoFire;SingleShot;JAZZ_ManeuverAR;JAZZ_ControllableBurst;JAZZ_LargeAutoFire,8,31,BurstShots;CritChanceScaled;Cumbersome;DegradePerShot;MaxAimActions;PenetrationBonus;PenetrationClass;WeaponResourceMax,InventoryItem/AKM.lua,5db078dfb2c9206f39e491a1d26b6e7f1f6f1220
M16A2,M16A2,assault-rifle,Штурмовые винтовки,AssaultRifle,active,2,3,2-3,assigned,google_sheet:ШВ,2-3,2,JAZZ_Caliber_556,22,50,1,0,20,30,5000,6000,3,13,3,8,9,48,16,62,-8,1200,52,60,0,5500,-1,1,TwoHanded,Shoulder,1,0,5500,10,11,BurstFire;SingleShot;CancelShot;JAZZ_ManeuverAR;JAZZ_ControllableBurst;JAZZ_LargeAutoFire,6,24,BaseJamChance;BurstShots;Cumbersome;DegradePerShot;MaxAimActions;PenetrationBonus;PenetrationClass;WeaponResourceMax,InventoryItem/M16A2.lua,5db078dfb2c9206f39e491a1d26b6e7f1f6f1220
AK74,АК74,assault-rifle,Штурмовые винтовки,AssaultRifle,active,2,4,2-4,assigned,google_sheet:ШВ,2-4,3,JAZZ_Caliber_545,26,45,1,0,20,30,5000,6000,3,12,3,6,7,48,16,56,-4,1320,49,95,-50,9800,-1,1,TwoHanded,Shoulder,1,0,60000,10,10,BurstFire;AutoFire;SingleShot;JAZZ_ManeuverAR;JAZZ_ControllableBurst;JAZZ_LargeAutoFire,7,14,BurstShots;Cumbersome;DegradePerShot;MaxAimActions;PenetrationBonus;PenetrationClass;WeaponResourceMax,InventoryItem/AK74.lua,5db078dfb2c9206f39e491a1d26b6e7f1f6f1220
AR10DMR,AR-10 DMR,assault-rifle,Штурмовые винтовки,AssaultRifle,active,2,4,2-4,assigned,google_sheet:СВ,2-4,2,JAZZ_Caliber_762x51,32,80,1,0,30,20,7000,7000,3,15,1,1,32,58,18,59,-18,900,58,65,-10,5000,-1,1,TwoHanded,Shoulder,1,0,14750,10,18,SingleShot;JAZZ_JokerShot;JAZZ_Bullseye,2,12,Cumbersome;DegradePerShot;MaxAimActions;PenetrationBonus;PenetrationClass;WeaponResourceMax,InventoryItem/AR10DMR.lua,5db078dfb2c9206f39e491a1d26b6e7f1f6f1220
HK33,HK33,assault-rifle,Штурмовые винтовки,AssaultRifle,active,2,4,2-4,assigned,google_sheet:ШВ,2-4,3,JAZZ_Caliber_556,23,50,1,0,20,30,5000,6000,3,10,4,7,10,46,14,57,0,1320,62,75,-30,7600,-1,1,TwoHanded,Shoulder,1,0,25000,10,14,BurstFire;AutoFire;SingleShot;JAZZ_ManeuverAR;JAZZ_ControllableBurst;JAZZ_LargeAutoFire,9,34,Cumbersome;DegradePerShot;Handling;MaxAimActions;PenetrationBonus;PenetrationClass;WeaponResourceMax,InventoryItem/HK33.lua,5db078dfb2c9206f39e491a1d26b6e7f1f6f1220
AUG,AUG,assault-rifle,Штурмовые винтовки,AssaultRifle,active,2,5,2-5,assigned,google_sheet:ШВ,2-4,3,JAZZ_Caliber_556,21,50,1,0,20,30,5000,8000,3,13,4,10,12,46,15,63,5,1380,54,70,-20,7500,-1,1,TwoHanded,Shoulder,1,0,28000,10,15,BurstFire;AutoFire;SingleShot;JAZZ_ManeuverAR;JAZZ_ControllableBurst;JAZZ_LargeAutoFire,8,29,AutoShots;Cumbersome;DegradePerShot;MaxAimActions;PenetrationBonus;PenetrationClass;WeaponResourceMax,InventoryItem/AUG.lua,5db078dfb2c9206f39e491a1d26b6e7f1f6f1220
G36,G36,assault-rifle,Штурмовые винтовки,AssaultRifle,active,2,5,2-5,assigned,google_sheet:ШВ,2-5,3,JAZZ_Caliber_556,23,50,1,0,20,30,5000,6000,3,11,4,8,10,44,16,63,2,1320,46,80,-10,7800,-1,1,TwoHanded,Shoulder,1,0,26000,10,15,BurstFire;AutoFire;SingleShot;JAZZ_ManeuverAR;JAZZ_ControllableBurst;JAZZ_LargeAutoFire,7,31,Cumbersome;DegradePerShot;MaxAimActions;PenetrationBonus;PenetrationClass;WeaponResourceMax,InventoryItem/G36.lua,5db078dfb2c9206f39e491a1d26b6e7f1f6f1220
M16A4,M16A4,assault-rifle,Штурмовые винтовки,AssaultRifle,active,2,5,2-5,assigned,google_sheet:ШВ,2-5,3,JAZZ_Caliber_556,24,50,1,0,20,30,5000,6000,3,14,3,8,8,48,17,62,-5,1200,52,70,-20,8500,-1,1,TwoHanded,Shoulder,1,0,25000,10,14,BurstFire;SingleShot;JAZZ_ManeuverAR;JAZZ_ControllableBurst;JAZZ_LargeAutoFire,5,24,BurstShots;Cumbersome;DegradePerShot;MaxAimActions;PenetrationBonus;PenetrationClass;WeaponResourceMax,InventoryItem/M16A4.lua,5db078dfb2c9206f39e491a1d26b6e7f1f6f1220
Sig550,Sig 550,assault-rifle,Штурмовые винтовки,AssaultRifle,active,3,1,3-1,assigned,google_sheet:ШВ,3-1,2,JAZZ_Caliber_556,24,50,1,0,20,30,6000,6000,3,15,3,6,8,48,17,63,-1,1200,46,85,-30,9500,-1,1,TwoHanded,Shoulder,1,0,50000,10,16,BurstFire;AutoFire;SingleShot;JAZZ_ManeuverAR;JAZZ_ControllableBurst;JAZZ_LargeAutoFire,6,23,BurstShots;Cumbersome;DegradePerShot;MaxAimActions;PenetrationBonus;PenetrationClass;WeaponResourceMax,InventoryItem/Sig550.lua,5db078dfb2c9206f39e491a1d26b6e7f1f6f1220
Sig550Custom,Sig 550 RIS,assault-rifle,Штурмовые винтовки,AssaultRifle,active,3,2,3-2,assigned,google_sheet:ШВ,3-2,3,JAZZ_Caliber_556,24,50,1,0,20,30,6000,6000,3,15,1,8,6,48,18,63,1,1200,46,85,-30,9500,-1,1,TwoHanded,Shoulder,1,0,100000,10,16,BurstFire;AutoFire;SingleShot;JAZZ_ManeuverAR;JAZZ_ControllableBurst;JAZZ_LargeAutoFire,7,28,Cumbersome;DegradePerShot;MaxAimActions;PenetrationBonus;PenetrationClass;WeaponResourceMax,InventoryItem/Sig550Custom.lua,5db078dfb2c9206f39e491a1d26b6e7f1f6f1220
AN94,АН-94,assault-rifle,Штурмовые винтовки,AssaultRifle,active,3,UNIQ,3-UNIQ,unique,google_sheet:ШВ,3-UNIQ,3,JAZZ_Caliber_545,27,45,1,0,30,30,5000,6000,3,12,2,6,5,49,18,56,-5,1200,49,75,-20,8800,-1,1,TwoHanded,Shoulder,1,0,300000,10,20,AbakanBurst;AbakanAutoFire;SingleShot;JAZZ_ManeuverAR;JAZZ_ControllableBurst;JAZZ_LargeAutoFire,4,10,Cumbersome;DegradePerShot;MaxAimActions;PenetrationBonus;PenetrationClass;WeaponResourceMax,InventoryItem/AN94.lua,5db078dfb2c9206f39e491a1d26b6e7f1f6f1220
AR15,ОТКЛЮЧЕНО,assault-rifle,Штурмовые винтовки,AssaultRifle,excluded_disabled,,,,excluded,excluded_disabled,,2,556,0,100,1,0,30,30,5000,3000,3,4,3,10,100,34,,0,0,1440,20,80,0,1000,-1,1,TwoHanded,Shoulder,1,0,4500,10,80,BurstFire;SingleShot;CancelShot,7,32,AutoShots;BaseJamChance;BurstShots;Cumbersome;Damage;DegradePerShot;Grouping;Handling;MaxAimActions;Noise;ObjDamageMod;PenetrationBonus;PenetrationClass;Recoil;RepairCost;WeaponResource;WeaponResourceMax,InventoryItem/AR15.lua,5db078dfb2c9206f39e491a1d26b6e7f1f6f1220
SKS,СКС,battle-rifle,Боевые винтовки,BattleRifle,active,1,1,1-1,assigned,google_sheet:БВ,1-1,,JAZZ_Caliber_762x39,28,50,1,0,30,10,6000,5000,3,13,1,1,100,44,16,60,-10,1320,52,75,-30,6000,-1,1,TwoHanded,Shoulder,1,0,1000,10,4,SingleShot;JAZZ_Salvo,0,0,Cost;Cumbersome;DegradePerShot;MaxAimActions;PenetrationBonus;PenetrationClass;Recoil;WeaponResourceMax,InventoryItem/SKS.lua,5db078dfb2c9206f39e491a1d26b6e7f1f6f1220
Mas36,MAS36,battle-rifle,Боевые винтовки,BattleRifle,active,1,1,1-1,assigned,google_sheet:БВ,1-1,,JAZZ_Caliber_75French,38,80,1,0,50,5,8000,5000,3,11,1,1,100,57,17,40,-32,420,59,85,0,7000,-1,1,TwoHanded,Shoulder,1,0,1000,8,3,SingleShot;JAZZ_Salvo,0,0,BaseJamChance;Cost;Cumbersome;DegradePerShot;MaxAimActions;PenetrationBonus;PenetrationClass;Recoil;WeaponResourceMax,InventoryItem/Mas36.lua,5db078dfb2c9206f39e491a1d26b6e7f1f6f1220
M1Garand,М1 Гаранд,battle-rifle,Боевые винтовки,BattleRifle,active,1,2,1-2,assigned,google_sheet:БВ,1-2,,JAZZ_Caliber_3006,36,80,1,0,30,8,7000,5000,3,14,1,1,100,60,15,37,-25,900,68,60,0,4000,-1,1,TwoHanded,Shoulder,1,0,2000,8,6,SingleShot;JAZZ_Salvo,2,4,BaseJamChance;Cumbersome;DegradePerShot;MaxAimActions;PenetrationBonus;PenetrationClass;Recoil;WeaponResourceMax,InventoryItem/M1Garand.lua,5db078dfb2c9206f39e491a1d26b6e7f1f6f1220
SVT40,СВТ-40,battle-rifle,Боевые винтовки,BattleRifle,active,1,3,1-3,assigned,google_sheet:БВ,1-3,,JAZZ_Caliber_762x54R,38,100,1,0,30,10,7000,7000,3,12,1,1,100,64,17,38,-26,900,70,50,0,2000,-1,1,TwoHanded,Shoulder,1,0,5000,8,5,SingleShot;JAZZ_Salvo,2,2,BaseJamChance;Cumbersome;DegradePerShot;MaxAimActions;ObjDamageMod;PenetrationBonus;PenetrationClass;Recoil;WeaponResourceMax,InventoryItem/SVT40.lua,5db078dfb2c9206f39e491a1d26b6e7f1f6f1220
FG42,FG42,battle-rifle,Боевые винтовки,BattleRifle,active,1,3,1-3,assigned,google_sheet:БВ,1-2,2,JAZZ_Caliber_792,38,80,1,0,10,20,7000,7000,3,8,3,7,30,53,15,42,-10,960,66,40,0,6500,-1,1,TwoHanded,Shoulder,1,0,3000,12,3,BurstFire;SingleShot;AutoFire;JAZZ_Salvo;JAZZ_LargeAutoFire,2,3,BaseJamChance;BurstShots;CritChanceScaled;Cumbersome;DegradePerShot;MaxAimActions;PenetrationBonus;PenetrationClass;Reliability;WeaponResourceMax,InventoryItem/FG42.lua,5db078dfb2c9206f39e491a1d26b6e7f1f6f1220
G43,G43,battle-rifle,Боевые винтовки,BattleRifle,active,1,3,1-3,assigned,google_sheet:БВ,1-2,,JAZZ_Caliber_792,40,80,1,0,30,10,7000,7000,3,13,1,1,100,58,17,40,-23,900,68,45,0,4000,-1,1,TwoHanded,Shoulder,1,0,2000,8,6,SingleShot;JAZZ_Salvo,1,1,BaseJamChance;Cumbersome;DegradePerShot;MaxAimActions;PenetrationBonus;PenetrationClass;Recoil;WeaponResourceMax,InventoryItem/G43.lua,5db078dfb2c9206f39e491a1d26b6e7f1f6f1220
AVT40,АВТ-40,battle-rifle,Боевые винтовки,BattleRifle,active,1,UNIQ,1-UNIQ,unique,google_sheet:БВ,1-UNIQ,,JAZZ_Caliber_762x54R,38,100,1,0,30,15,7000,7000,3,10,3,7,45,64,17,35,-20,900,70,40,5,1000,-1,1,TwoHanded,Shoulder,1,0,1000,8,5,BurstFire;AutoFire;SingleShot;JAZZ_Salvo;JAZZ_LargeAutoFire,1,1,BurstShots;Cost;Cumbersome;DegradePerShot;MaxAimActions;ObjDamageMod;PenetrationBonus;PenetrationClass;Reliability;WeaponResource;WeaponResourceMax,InventoryItem/AVT40.lua,5db078dfb2c9206f39e491a1d26b6e7f1f6f1220
AR10,AR-10,battle-rifle,Боевые винтовки,BattleRifle,active,2,1,2-1,assigned,google_sheet:БВ,2-1,2,JAZZ_Caliber_762x51,32,80,1,0,10,20,7000,7000,3,12,3,7,26,54,17,45,-15,960,58,55,-10,6000,-1,1,TwoHanded,Shoulder,1,0,6750,10,10,BurstFire;AutoFire;SingleShot;JAZZ_Salvo;JAZZ_LargeAutoFire,2,12,BurstShots;CritChanceScaled;Cumbersome;DegradePerShot;MaxAimActions;PenetrationBonus;PenetrationClass;WeaponResourceMax,InventoryItem/AR10.lua,5db078dfb2c9206f39e491a1d26b6e7f1f6f1220
MAS49,MAS-49/56,battle-rifle,Боевые винтовки,BattleRifle,active,2,1,2-1,assigned,google_sheet:БВ,1-2,,JAZZ_Caliber_75French,36,80,1,0,30,10,7000,7000,3,10,1,1,100,55,16,44,-20,1320,68,55,0,4000,-1,1,TwoHanded,Shoulder,1,0,2000,8,6,SingleShot;JAZZ_Salvo,0,0,BaseJamChance;Cumbersome;DegradePerShot;MaxAimActions;PenetrationBonus;PenetrationClass;Recoil;WeaponResourceMax,InventoryItem/MAS49.lua,5db078dfb2c9206f39e491a1d26b6e7f1f6f1220
M14SAW,M-14,battle-rifle,Боевые винтовки,BattleRifle,active,2,2,2-2,assigned,google_sheet:БВ,2-2,,JAZZ_Caliber_762x51,33,80,1,0,10,20,7000,7000,3,10,4,7,40,62,17,41,-18,960,65,50,0,4500,-1,1,TwoHanded,Shoulder,1,0,1250,10,10,BurstFire;AutoFire;SingleShot;JAZZ_Salvo;JAZZ_LargeAutoFire,7,34,BaseJamChance;CritChanceScaled;Cumbersome;DegradePerShot;MaxAimActions;PenetrationBonus;PenetrationClass;WeaponResourceMax,InventoryItem/M14SAW.lua,5db078dfb2c9206f39e491a1d26b6e7f1f6f1220
FNFAL,FN-FAL,battle-rifle,Боевые винтовки,BattleRifle,active,2,3,2-3,assigned,google_sheet:БВ,2-3,2,JAZZ_Caliber_762x51,34,80,1,0,10,20,7000,7000,3,13,3,6,32,56,19,51,-15,960,62,65,-10,7500,-1,1,TwoHanded,Shoulder,1,0,4750,10,11,BurstFire;AutoFire;SingleShot;JAZZ_Salvo;JAZZ_LargeAutoFire,9,34,BurstShots;CritChanceScaled;Cumbersome;DegradePerShot;MaxAimActions;PenetrationBonus;PenetrationClass;WeaponResourceMax,InventoryItem/FNFAL.lua,5db078dfb2c9206f39e491a1d26b6e7f1f6f1220
Galil,Galil,battle-rifle,Боевые винтовки,BattleRifle,active,2,4,2-4,assigned,google_sheet:БВ,2-4,2,JAZZ_Caliber_762x51,32,80,1,0,10,25,6000,7000,3,12,3,6,34,54,17,52,-23,960,62,75,0,7000,-1,1,TwoHanded,Shoulder,1,0,3200,10,11,BurstFire;AutoFire;SingleShot;JAZZ_Salvo;JAZZ_LargeAutoFire,7,30,BaseJamChance;BurstShots;CritChanceScaled;Cumbersome;DegradePerShot;MaxAimActions;PenetrationBonus;PenetrationClass;WeaponResourceMax,InventoryItem/Galil.lua,5db078dfb2c9206f39e491a1d26b6e7f1f6f1220
G3A3,G3A3,battle-rifle,Боевые винтовки,BattleRifle,active,2,5,2-5,assigned,google_sheet:БВ,2-5,2,JAZZ_Caliber_762x51,35,80,1,0,10,20,7000,7000,3,13,2,5,30,58,20,51,-15,960,62,80,-30,9000,-1,1,TwoHanded,Shoulder,1,0,18000,10,13,BurstFire;AutoFire;SingleShot;JAZZ_Salvo;JAZZ_LargeAutoFire,4,16,CritChanceScaled;Cumbersome;DegradePerShot;MaxAimActions;PenetrationBonus;PenetrationClass;WeaponResourceMax,InventoryItem/G3A3.lua,5db078dfb2c9206f39e491a1d26b6e7f1f6f1220
G3A4,G3A4,battle-rifle,Боевые винтовки,BattleRifle,active,2,5,2-5,assigned,google_sheet:БВ,2-5,2,JAZZ_Caliber_762x51,35,80,1,0,10,20,7000,7000,3,10,2,5,30,58,20,51,-10,960,62,80,-30,9000,-1,1,TwoHanded,Shoulder,1,0,22000,10,13,BurstFire;AutoFire;SingleShot;JAZZ_Salvo;JAZZ_LargeAutoFire,5,19,CritChanceScaled;Cumbersome;DegradePerShot;MaxAimActions;PenetrationBonus;PenetrationClass;WeaponResourceMax,InventoryItem/G3A4.lua,5db078dfb2c9206f39e491a1d26b6e7f1f6f1220
Mosin,Винтовка Мосина,sniper-rifle,Снайперские винтовки,SniperRifle,active,1,1,1-1,assigned,google_sheet:СВ,1-1,,JAZZ_Caliber_762x54R,40,80,1,0,50,5,8000,5000,3,13,1,1,100,66,16,41,-35,420,59,90,0,7000,-1,1,TwoHanded,Shoulder,1,0,1000,8,3,SingleShot;JAZZ_JokerShot;JAZZ_Bullseye,1,1,BaseJamChance;Cost;Cumbersome;DegradePerShot;MaxAimActions;PenetrationBonus;PenetrationClass;Recoil;WeaponResourceMax,InventoryItem/Mosin.lua,5db078dfb2c9206f39e491a1d26b6e7f1f6f1220
Gewehr98,Gewehr 98,sniper-rifle,Снайперские винтовки,SniperRifle,active,1,2,1-2,assigned,google_sheet:СВ,1-2,,JAZZ_Caliber_792,42,80,1,0,50,5,8000,5000,3,12,1,1,100,62,15,45,-37,420,60,85,0,5000,-1,1,TwoHanded,Shoulder,1,0,1100,8,3,SingleShot;JAZZ_JokerShot;JAZZ_Bullseye,2,6,BaseJamChance;Cumbersome;DegradePerShot;MaxAimActions;PenetrationBonus;PenetrationClass;Recoil;WeaponResourceMax,InventoryItem/Gewehr98.lua,5db078dfb2c9206f39e491a1d26b6e7f1f6f1220
Springfield,Springfield 1903,sniper-rifle,Снайперские винтовки,SniperRifle,active,1,2,1-2,assigned,google_sheet:СВ,1-2,,JAZZ_Caliber_3006,36,80,1,0,50,5,8000,5000,3,14,1,1,100,58,15,50,-36,420,57,80,0,4500,-1,1,TwoHanded,Shoulder,1,0,1100,8,3,SingleShot;JAZZ_JokerShot;JAZZ_Bullseye,1,1,BaseJamChance;Cumbersome;DegradePerShot;MaxAimActions;PenetrationBonus;PenetrationClass;Recoil;WeaponResourceMax,InventoryItem/Springfield.lua,5db078dfb2c9206f39e491a1d26b6e7f1f6f1220
FRF2,FR F2,sniper-rifle,Снайперские винтовки,SniperRifle,active,2,2,2-2,assigned,google_sheet:СВ,2-2,2,JAZZ_Caliber_75French,35,80,1,0,50,10,8000,7000,3,16,1,1,100,75,17,48,-25,420,56,75,-10,6000,-1,1,TwoHanded,Shoulder,1,0,12000,14,5,SingleShot;JAZZ_JokerShot;JAZZ_Bullseye,4,3,Cumbersome;DegradePerShot;MaxAimActions;PenetrationBonus;PenetrationClass;Recoil;WeaponResourceMax,InventoryItem/FRF2.lua,5db078dfb2c9206f39e491a1d26b6e7f1f6f1220
ZastavaM76,Zastava M76,sniper-rifle,Снайперские винтовки,SniperRifle,active,2,2,2-2,assigned,google_sheet:СВ,2-2,,JAZZ_Caliber_792,39,80,1,0,30,10,7000,7000,3,13,1,1,100,68,16,45,-15,720,68,65,-10,7000,-1,1,TwoHanded,Shoulder,1,0,8000,14,8,SingleShot;JAZZ_JokerShot;JAZZ_Bullseye,4,4,Cumbersome;DegradePerShot;MaxAimActions;PenetrationBonus;PenetrationClass;Recoil;WeaponResourceMax,InventoryItem/ZastavaM76.lua,5db078dfb2c9206f39e491a1d26b6e7f1f6f1220
M21,M-21,sniper-rifle,Снайперские винтовки,SniperRifle,active,2,3,2-3,assigned,google_sheet:СВ,2-3,2,JAZZ_Caliber_762x51,33,80,1,0,30,20,7000,7000,3,12,1,1,100,58,17,45,-20,900,63,60,-10,4000,-1,1,TwoHanded,Shoulder,1,0,2500,10,12,SingleShot;JAZZ_JokerShot;JAZZ_Bullseye,7,35,Cumbersome;DegradePerShot;MaxAimActions;PenetrationBonus;PenetrationClass;Recoil;WeaponResourceMax,InventoryItem/M21.lua,5db078dfb2c9206f39e491a1d26b6e7f1f6f1220
DragunovSVD,СВД,sniper-rifle,Снайперские винтовки,SniperRifle,active,2,4,2-4,assigned,google_sheet:СВ,2-4,2,JAZZ_Caliber_762x54R,38,80,1,0,30,10,7000,7000,3,14,1,1,100,72,17,46,-25,720,68,75,-30,8500,-1,1,TwoHanded,Shoulder,1,0,16000,14,10,SingleShot;JAZZ_JokerShot;JAZZ_Bullseye,5,16,Cumbersome;DegradePerShot;MaxAimActions;PenetrationBonus;PenetrationClass;Recoil;WeaponResourceMax,InventoryItem/DragunovSVD.lua,5db078dfb2c9206f39e491a1d26b6e7f1f6f1220
M700,M700,sniper-rifle,Снайперские винтовки,SniperRifle,active,2,4,2-4,assigned,google_sheet:СВ,2-4,2,JAZZ_Caliber_762x51,36,80,1,0,50,5,8000,8000,3,16,1,1,100,78,19,48,-28,420,46,85,-20,4500,-1,1,TwoHanded,Shoulder,1,0,10000,14,5,SingleShot;JAZZ_JokerShot;JAZZ_Bullseye,1,1,Cumbersome;DegradePerShot;MaxAimActions;PenetrationBonus;PenetrationClass;Recoil;WeaponResourceMax,InventoryItem/M700.lua,5db078dfb2c9206f39e491a1d26b6e7f1f6f1220
G3SniperV1,G3 SG,sniper-rifle,Снайперские винтовки,SniperRifle,active,2,5,2-5,assigned,google_sheet:СВ,2-5,2,JAZZ_Caliber_762x51,35,80,1,0,30,20,7000,7000,3,14,1,1,100,62,20,50,-18,900,68,80,-30,7000,-1,1,TwoHanded,Shoulder,1,0,25000,14,14,SingleShot;JAZZ_JokerShot;JAZZ_Bullseye,4,17,Cumbersome;DegradePerShot;MaxAimActions;PenetrationBonus;PenetrationClass;Recoil;WeaponResourceMax,InventoryItem/G3SniperV1.lua,5db078dfb2c9206f39e491a1d26b6e7f1f6f1220
M24Sniper,M24,sniper-rifle,Снайперские винтовки,SniperRifle,active,2,5,2-5,assigned,google_sheet:СВ,2-5,2,JAZZ_Caliber_762x51,37,80,1,0,50,5,8000,7000,3,17,1,1,100,85,21,46,-28,420,46,90,-20,5500,-1,1,TwoHanded,Shoulder,1,0,35000,14,7,SingleShot;JAZZ_JokerShot;JAZZ_Bullseye,6,18,Cumbersome;DegradePerShot;MaxAimActions;PenetrationBonus;PenetrationClass;Recoil;WeaponResourceMax,InventoryItem/M24Sniper.lua,5db078dfb2c9206f39e491a1d26b6e7f1f6f1220
M1A,M1A,sniper-rifle,Снайперские винтовки,SniperRifle,active,3,1,3-1,assigned,google_sheet:СВ,3-1,2,JAZZ_Caliber_762x51,33,80,1,0,30,20,6000,6000,3,12,1,1,100,58,18,59,-19,900,62,75,-30,4500,-1,1,TwoHanded,Shoulder,1,0,25000,10,12,SingleShot;JAZZ_JokerShot;JAZZ_Bullseye,8,32,Cumbersome;DegradePerShot;MaxAimActions;PenetrationBonus;PenetrationClass;Recoil;WeaponResourceMax,InventoryItem/M1A.lua,5db078dfb2c9206f39e491a1d26b6e7f1f6f1220
SVU,СВУ,sniper-rifle,Снайперские винтовки,SniperRifle,active,3,2,3-2,assigned,google_sheet:СВ,3-2,2,JAZZ_Caliber_762x54R,38,80,1,0,30,10,6000,9000,3,13,3,6,25,70,18,44,-8,900,30,65,-20,6500,-1,1,TwoHanded,Shoulder,1,0,90000,14,15,SingleShot;BurstFire;JAZZ_JokerShot;JAZZ_Bullseye,3,7,BurstShots;Cumbersome;DegradePerShot;MaxAimActions;PenetrationBonus;PenetrationClass;WeaponResourceMax,InventoryItem/SVU.lua,5db078dfb2c9206f39e491a1d26b6e7f1f6f1220
ArcticWarfare,Arctic Warfare,sniper-rifle,Снайперские винтовки,SniperRifle,active,3,2,3-2,assigned,google_sheet:СВ,3-2,3,JAZZ_Caliber_762x51,38,80,1,0,50,5,8000,7000,3,20,1,1,100,95,21,42,-35,420,56,90,-30,7000,-1,1,TwoHanded,Shoulder,1,0,65000,14,20,SingleShot;JAZZ_JokerShot;JAZZ_Bullseye,2,7,Cumbersome;DegradePerShot;MaxAimActions;PenetrationBonus;PenetrationClass;Recoil;WeaponResourceMax,InventoryItem/ArcticWarfare.lua,5db078dfb2c9206f39e491a1d26b6e7f1f6f1220
BarretM82,M82,sniper-rifle,Снайперские винтовки,SniperRifle,active,3,3,3-3,assigned,google_sheet:СВ,3-3,3,JAZZ_Caliber_50BMG,70,300,1,0,30,5,10000,9000,3,15,1,1,100,100,25,29,-82,360,100,50,-20,3000,-1,1,TwoHanded,Shoulder,1,1,120000,16,20,SingleShot;JAZZ_JokerShot;JAZZ_Bullseye,4,16,DegradePerShot;MaxAimActions;PenetrationBonus;PenetrationClass;Recoil;WeaponResourceMax,InventoryItem/BarretM82.lua,5db078dfb2c9206f39e491a1d26b6e7f1f6f1220
PSG1,PSG1,sniper-rifle,Снайперские винтовки,SniperRifle,active,3,3,3-3,assigned,google_sheet:СВ,3-3,3,JAZZ_Caliber_762x51,37,80,1,0,30,5,8000,7000,3,18,1,1,100,85,20,45,-25,720,65,85,-20,9000,-1,1,TwoHanded,Shoulder,1,0,100000,14,25,SingleShot;JAZZ_JokerShot;JAZZ_Bullseye,6,25,Cumbersome;DegradePerShot;MaxAimActions;PenetrationBonus;PenetrationClass;Recoil;WeaponResourceMax,InventoryItem/PSG1.lua,5db078dfb2c9206f39e491a1d26b6e7f1f6f1220
ScoutSniper,Steyr Scout,sniper-rifle,Снайперские винтовки,SniperRifle,active,3,UNIQ,3-UNIQ,unique,google_sheet:СВ,3-UNIQ,3,JAZZ_Caliber_762x51,34,80,1,0,50,5,6000,7000,3,15,1,1,100,85,21,45,-10,420,40,85,-30,7000,-1,1,TwoHanded,Shoulder,1,0,160000,14,10,SingleShot;JAZZ_JokerShot;JAZZ_Bullseye,3,10,Cumbersome;DegradePerShot;MaxAimActions;PenetrationBonus;PenetrationClass;Recoil;WeaponResourceMax,InventoryItem/ScoutSniper.lua,5db078dfb2c9206f39e491a1d26b6e7f1f6f1220
DragunovSVD_Custom,Шах и Мат,sniper-rifle,Снайперские винтовки,SniperRifle,active,,,,unassigned,google_sheet:СВ,2-4,2,JAZZ_Caliber_762x54R,38,80,1,0,80,10,7000,7000,3,16,1,1,100,72,17,66,-15,720,68,95,-30,8500,-1,1,TwoHanded,Shoulder,1,0,16000,14,10,SingleShot;JAZZ_JokerShot;JAZZ_Bullseye,2,2,Cumbersome;DegradePerShot;MaxAimActions;PenetrationBonus;PenetrationClass;Recoil;WeaponResourceMax,InventoryItem/DragunovSVD_Custom.lua,5db078dfb2c9206f39e491a1d26b6e7f1f6f1220
MAC2429,Mac 2429,light-machine-gun,Ручные пулемёты,LightMachineGun,active,1,1,1-1,assigned,google_sheet:ПУЛ,1-1,2,JAZZ_Caliber_75French,33,80,1,0,10,25,8000,7000,3,7,4,6,32,56,14,32,-30,840,68,40,0,2400,-1,1,TwoHanded,Shoulder,1,0,3000,12,1,MGBurstFire;BurstFire;JAZZ_ControllableBurst;JAZZ_LargeAutoFire;JAZZ_TargetSweep,4,4,BaseJamChance;CritChanceScaled;Cumbersome;DegradePerShot;MaxAimActions;PenetrationBonus;PenetrationClass;Reliability;WeaponResourceMax,InventoryItem/MAC2429.lua,5db078dfb2c9206f39e491a1d26b6e7f1f6f1220
BAR,BAR,light-machine-gun,Ручные пулемёты,LightMachineGun,active,1,2,1-2,assigned,google_sheet:ПУЛ,1-2,2,JAZZ_Caliber_3006,34,80,1,0,10,20,7000,8000,3,8,3,5,35,52,15,38,-35,960,66,50,0,6500,-1,1,TwoHanded,Shoulder,1,0,3000,12,3,MGBurstFire;BurstFire;JAZZ_ControllableBurst;JAZZ_TargetSweep;JAZZ_ControllableBurst,1,1,BaseJamChance;BurstShots;CritChanceScaled;Cumbersome;DegradePerShot;MaxAimActions;PenetrationBonus;PenetrationClass;WeaponResourceMax,InventoryItem/BAR.lua,5db078dfb2c9206f39e491a1d26b6e7f1f6f1220
RPD,РПД,light-machine-gun,Ручные пулемёты,LightMachineGun,active,2,1,2-1,assigned,google_sheet:ПУЛ,2-1,2,JAZZ_Caliber_762x39,28,50,1,0,10,100,9000,7000,3,10,6,6,9,40,14,65,-25,600,52,70,-10,9000,-1,1,TwoHanded,Shoulder,1,0,9000,16,8,MGBurstFire;BurstFire;JAZZ_ControllableBurst;JAZZ_LargeAutoFire;JAZZ_TargetSweep,5,6,CritChanceScaled;Cumbersome;DegradePerShot;MaxAimActions;PenetrationBonus;PenetrationClass;WeaponResourceMax,InventoryItem/RPD.lua,5db078dfb2c9206f39e491a1d26b6e7f1f6f1220
U100,U100,light-machine-gun,Ручные пулемёты,LightMachineGun,active,2,1,2-1,assigned,google_sheet:ПУЛ,2-1,2,JAZZ_Caliber_556,21,50,1,0,10,30,8000,6000,3,10,4,6,9,48,14,42,-20,840,48,65,0,5500,-1,1,TwoHanded,Shoulder,1,0,12000,16,8,MGBurstFire;BurstFire;JAZZ_LargeAutoFire;JAZZ_ControllableBurst;JAZZ_TargetSweep,6,8,BaseJamChance;CritChanceScaled;Cumbersome;DegradePerShot;MaxAimActions;PenetrationBonus;PenetrationClass;WeaponResourceMax,InventoryItem/U100.lua,5db078dfb2c9206f39e491a1d26b6e7f1f6f1220
RPK,РПК,light-machine-gun,Ручные пулемёты,LightMachineGun,active,2,3,2-3,assigned,google_sheet:ПУЛ,2-3,2,JAZZ_Caliber_762x39,29,50,1,0,10,30,8000,6000,3,10,4,7,10,42,15,62,-22,840,50,80,-30,12000,-1,1,TwoHanded,Shoulder,1,0,10000,16,9,MGBurstFire;BurstFire;JAZZ_ControllableBurst;JAZZ_LargeAutoFire;JAZZ_TargetSweep,7,18,CritChanceScaled;Cumbersome;DegradePerShot;MaxAimActions;PenetrationBonus;PenetrationClass;WeaponResourceMax,InventoryItem/RPK.lua,5db078dfb2c9206f39e491a1d26b6e7f1f6f1220
RPK74,РПК-74,light-machine-gun,Ручные пулемёты,LightMachineGun,active,2,4,2-4,assigned,google_sheet:ПУЛ,2-4,2,JAZZ_Caliber_545,26,50,1,0,10,30,8000,6000,3,12,4,7,8,50,18,56,-20,840,48,85,-30,11500,-1,1,TwoHanded,Shoulder,1,0,75000,16,12,MGBurstFire;BurstFire;JAZZ_ControllableBurst;JAZZ_LargeAutoFire;JAZZ_TargetSweep,7,17,CritChanceScaled;Cumbersome;DegradePerShot;MaxAimActions;PenetrationBonus;PenetrationClass;WeaponResourceMax,InventoryItem/RPK74.lua,5db078dfb2c9206f39e491a1d26b6e7f1f6f1220
FNMinimi,Minimi,light-machine-gun,Ручные пулемёты,LightMachineGun,active,2,5,2-5,assigned,google_sheet:ПУЛ,2-5,3,JAZZ_Caliber_556,20,50,1,0,10,100,8000,8000,3,13,10,10,6,54,17,57,-15,840,48,75,0,7500,-1,1,TwoHanded,Shoulder,1,0,60000,16,10,MGBurstFire;BurstFire;JAZZ_ControllableBurst;JAZZ_LargeAutoFire;JAZZ_TargetSweep,5,21,AutoShots;BaseJamChance;CritChanceScaled;Cumbersome;DegradePerShot;MaxAimActions;PenetrationBonus;PenetrationClass;WeaponResourceMax,InventoryItem/FNMinimi.lua,5db078dfb2c9206f39e491a1d26b6e7f1f6f1220
HK21,HK21,light-machine-gun,Ручные пулемёты,LightMachineGun,active,3,2,3-2,assigned,google_sheet:ПУЛ,3-2,3,JAZZ_Caliber_762x51,35,80,1,0,10,40,8000,7000,3,10,5,9,25,58,20,53,-35,840,66,80,-30,10000,-1,1,TwoHanded,Shoulder,1,0,150000,16,15,MGBurstFire;BurstFire;JAZZ_ControllableBurst;JAZZ_LargeAutoFire;JAZZ_TargetSweep,8,29,CritChanceScaled;Cumbersome;DegradePerShot;MaxAimActions;PenetrationBonus;PenetrationClass;WeaponResourceMax,InventoryItem/HK21.lua,5db078dfb2c9206f39e491a1d26b6e7f1f6f1220
HK23e,HK23e,light-machine-gun,Ручные пулемёты,LightMachineGun,active,3,2,3-2,assigned,google_sheet:ПУЛ,3-2,3,JAZZ_Caliber_556,22,50,1,0,10,100,8000,9000,3,12,4,7,6,52,18,60,-25,840,55,80,-30,10000,-1,1,TwoHanded,Shoulder,1,0,170000,16,16,MGBurstFire;BurstFire;JAZZ_ControllableBurst;JAZZ_LargeAutoFire;JAZZ_TargetSweep,4,15,CritChanceScaled;Cumbersome;DegradePerShot;MaxAimActions;PenetrationBonus;PenetrationClass;WeaponResourceMax,InventoryItem/HK23e.lua,5db078dfb2c9206f39e491a1d26b6e7f1f6f1220
DP27,ДП-27,machine-gun,Пулемёты,MachineGun,active,1,1,1-1,assigned,google_sheet:ПУЛ,1-1,2,JAZZ_Caliber_762x54R,37,90,1,0,10,47,9000,8000,3,8,6,6,22,57,15,35,-45,600,68,60,-5,15000,-1,1,TwoHanded,Shoulder,1,0,3000,12,2,MGBurstFire;JAZZ_MGSuppressionFire,1,1,CritChanceScaled;Cumbersome;DegradePerShot;MaxAimActions;PenetrationBonus;PenetrationClass;WeaponResourceMax,InventoryItem/DP27.lua,5db078dfb2c9206f39e491a1d26b6e7f1f6f1220
MG42,MG42,machine-gun,Пулемёты,MachineGun,active,1,3,1-3,assigned,google_sheet:ПУЛ,1-3,2,JAZZ_Caliber_792,36,60,1,0,10,50,9000,8000,3,11,12,12,20,54,16,34,-35,600,72,55,3,6000,-1,1,TwoHanded,Shoulder,1,1,3000,12,3,MGBurstFire;JAZZ_MGSuppressionFire,1,1,CritChanceScaled;DegradePerShot;MaxAimActions;PenetrationBonus;PenetrationClass;WeaponResourceMax,InventoryItem/MG42.lua,5db078dfb2c9206f39e491a1d26b6e7f1f6f1220
MG58,MG58,machine-gun,Пулемёты,MachineGun,active,1,UNIQ,1-UNIQ,unique,google_sheet:ПУЛ,1-UNIQ,,JAZZ_Caliber_792,38,80,1,0,10,50,9000,8000,3,22,3,10,12,56,20,35,-30,600,75,85,0,8000,-1,1,TwoHanded,Shoulder,1,1,5000,12,5,MGBurstFire;JAZZ_MGSuppressionFire,2,2,AutoShots;BaseJamChance;BurstShots;CritChanceScaled;DegradePerShot;MaxAimActions;PenetrationBonus;PenetrationClass;WeaponResourceMax,InventoryItem/MG58.lua,5db078dfb2c9206f39e491a1d26b6e7f1f6f1220
AA52,AA-52,machine-gun,Пулемёты,MachineGun,active,2,2,2-2,assigned,google_sheet:ПУЛ,1-1,2,JAZZ_Caliber_75French,32,90,1,0,10,50,9000,9000,3,12,6,6,21,52,17,38,-30,600,68,65,-5,15000,-1,1,TwoHanded,Shoulder,1,0,3000,12,2,MGBurstFire;JAZZ_MGSuppressionFire,1,1,CritChanceScaled;Cumbersome;DegradePerShot;MaxAimActions;PenetrationBonus;PenetrationClass;WeaponResourceMax,InventoryItem/AA52.lua,5db078dfb2c9206f39e491a1d26b6e7f1f6f1220
M60,Свинья,machine-gun,Пулемёты,MachineGun,active,2,3,2-3,assigned,google_sheet:ПУЛ,2-3,2,JAZZ_Caliber_762x51,35,80,1,0,10,100,9000,9000,3,12,5,5,18,55,17,38,-35,600,64,45,0,8000,-1,1,TwoHanded,Shoulder,1,1,15000,16,5,MGBurstFire;JAZZ_MGSuppressionFire,2,2,BaseJamChance;CritChanceScaled;DegradePerShot;MaxAimActions;PenetrationBonus;PenetrationClass;WeaponResourceMax,InventoryItem/M60.lua,5db078dfb2c9206f39e491a1d26b6e7f1f6f1220
M60E3,M60E3,machine-gun,Пулемёты,MachineGun,active,2,4,2-4,assigned,google_sheet:ПУЛ,2-4,2,JAZZ_Caliber_762x51,35,80,1,0,10,100,9000,9000,3,12,5,5,16,56,17,38,-30,600,64,60,0,8500,-1,1,TwoHanded,Shoulder,1,1,16000,16,6,MGBurstFire;JAZZ_MGSuppressionFire,4,11,BaseJamChance;CritChanceScaled;DegradePerShot;MaxAimActions;PenetrationBonus;PenetrationClass;WeaponResourceMax,InventoryItem/M60E3.lua,5db078dfb2c9206f39e491a1d26b6e7f1f6f1220
PKM,ПКМ,machine-gun,Пулемёты,MachineGun,active,2,5,2-5,assigned,google_sheet:ПУЛ,2-5,3,JAZZ_Caliber_762x54R,38,120,1,0,10,100,9000,9000,3,12,6,6,16,60,18,38,-32,600,70,98,-50,12000,-1,1,TwoHanded,Shoulder,1,1,120000,16,10,MGBurstFire;JAZZ_MGSuppressionFire,9,23,CritChanceScaled;DegradePerShot;MaxAimActions;PenetrationBonus;PenetrationClass;WeaponResourceMax,InventoryItem/PKM.lua,5db078dfb2c9206f39e491a1d26b6e7f1f6f1220
FNMAG,FN MAG,machine-gun,Пулемёты,MachineGun,active,2,5,2-5,assigned,google_sheet:ПУЛ,2-5,3,JAZZ_Caliber_762x51,36,80,1,0,10,100,9000,10000,3,14,8,8,12,62,18,37,-30,600,65,85,-10,10000,-1,1,TwoHanded,Shoulder,1,1,35000,16,8,MGBurstFire;JAZZ_MGSuppressionFire,3,12,CritChanceScaled;DegradePerShot;MaxAimActions;PenetrationBonus;PenetrationClass;WeaponResourceMax,InventoryItem/FNMAG.lua,5db078dfb2c9206f39e491a1d26b6e7f1f6f1220
M60E4,M60E4,machine-gun,Пулемёты,MachineGun,active,3,1,3-1,assigned,google_sheet:ПУЛ,3-1,2,JAZZ_Caliber_762x51,35,80,1,0,10,100,8000,9000,3,13,5,5,14,56,18,40,-25,600,64,75,0,9000,-1,1,TwoHanded,Shoulder,1,1,25000,16,7,MGBurstFire;JAZZ_MGSuppressionFire,6,19,BaseJamChance;CritChanceScaled;DegradePerShot;MaxAimActions;PenetrationBonus;PenetrationClass;WeaponResourceMax,InventoryItem/M60E4.lua,5db078dfb2c9206f39e491a1d26b6e7f1f6f1220
BrowningM2HMG,M2 Browning,machine-gun,Пулемёты,MachineGun,active,,,,unassigned,google_sheet:ПУЛ,,3,JAZZ_Caliber_50BMG,60,300,1,0,10,100,7000,8000,3,13,6,6,25,95,28,21,0,3900,60,80,0,50000,-1,1,TwoHanded,Shoulder,1,1,4200,20,80,MGBurstFire,0,0,BaseJamChance;CritChanceScaled;DegradePerShot;Handling;MaxAimActions;PenetrationBonus;PenetrationClass;RepairCost;WeaponResourceMax,InventoryItem/BrowningM2HMG.lua,5db078dfb2c9206f39e491a1d26b6e7f1f6f1220
DoubleBarrelShotgun,Двустволка,shotgun,Дробовики,Shotgun,active,1,1,1-1,assigned,google_sheet:ДРБ,1-1,,JAZZ_Caliber_12gauge,4,50,1,0,30,2,5000,3000,2,12,1,1,100,21,8,140,-10,2280,40,95,-100,3000,-1,1,TwoHanded,Shoulder,1,0,1200,8,3,Buckshot;DoubleBarrel;JAZZ_JokerShot;JAZZ_MobileShotgun,1,3,Cumbersome;DegradePerShot;PenetrationBonus;PenetrationClass;Recoil;WeaponResourceMax,InventoryItem/DoubleBarrelShotgun.lua,5db078dfb2c9206f39e491a1d26b6e7f1f6f1220
M1897,M1897,shotgun,Дробовики,Shotgun,active,1,2,1-2,assigned,google_sheet:ДРБ,1-2,,JAZZ_Caliber_12gauge,4,50,1,0,20,5,6000,6000,2,6,1,1,100,21,7,110,-15,2160,36,70,-10,600,-1,1,TwoHanded,Shoulder,1,0,2500,10,6,Buckshot;JAZZ_JokerShot;JAZZ_MobileShotgun,1,2,Cumbersome;DegradePerShot;PenetrationBonus;PenetrationClass;Recoil;WeaponResourceMax,InventoryItem/M1897.lua,5db078dfb2c9206f39e491a1d26b6e7f1f6f1220
Auto5,Auto-5,shotgun,Дробовики,Shotgun,active,1,3,1-3,assigned,google_sheet:ДРБ,1-2,2,JAZZ_Caliber_12gauge,4,50,1,0,10,5,5000,6000,2,6,1,1,100,20,6,100,-15,1800,35,65,0,500,-1,1,TwoHanded,Shoulder,1,0,1500,10,4,Buckshot;JAZZ_JokerShot;JAZZ_MobileShotgun,2,8,BaseJamChance;CritChanceScaled;Cumbersome;DegradePerShot;PenetrationBonus;PenetrationClass;Recoil;WeaponRange;WeaponResourceMax,InventoryItem/Auto5.lua,5db078dfb2c9206f39e491a1d26b6e7f1f6f1220
Ithaca,Ithaca37,shotgun,Дробовики,Shotgun,active,2,1,2-1,assigned,google_sheet:ДРБ,2-1,,JAZZ_Caliber_12gauge,4,50,1,0,20,4,6000,5000,2,10,1,1,100,21,8,145,-15,1980,38,80,0,1800,-1,1,TwoHanded,Shoulder,1,0,3500,10,5,Buckshot;JAZZ_JokerShot;JAZZ_MobileShotgun,3,14,BaseJamChance;Cumbersome;DegradePerShot;PenetrationBonus;PenetrationClass;Recoil;WeaponResourceMax,InventoryItem/Ithaca.lua,5db078dfb2c9206f39e491a1d26b6e7f1f6f1220
R870,R870,shotgun,Дробовики,Shotgun,active,2,2,2-2,assigned,google_sheet:ДРБ,2-2,,JAZZ_Caliber_12gauge,4,50,1,0,20,6,6000,7000,3,8,1,1,100,22,9,150,-15,1440,37,85,-10,1400,-1,1,TwoHanded,Shoulder,1,0,7500,10,9,Buckshot;JAZZ_JokerShot;JAZZ_MobileShotgun,3,14,Cumbersome;DegradePerShot;MaxAimActions;PenetrationBonus;PenetrationClass;Recoil;WeaponResourceMax,InventoryItem/R870.lua,5db078dfb2c9206f39e491a1d26b6e7f1f6f1220
Striker,Страйкер,shotgun,Дробовики,Shotgun,active,2,3,2-3,assigned,google_sheet:ДРБ,2-2,,JAZZ_Caliber_12gauge,4,50,1,0,10,12,4000,5000,2,9,1,1,100,20,7,130,-22,2160,39,80,-20,1000,-1,1,TwoHanded,Shoulder,1,0,12000,10,12,Buckshot;JAZZ_JokerShot;JAZZ_MobileShotgun,1,2,CritChanceScaled;Cumbersome;DegradePerShot;PenetrationBonus;PenetrationClass;Recoil;WeaponRange;WeaponResource;WeaponResourceMax,InventoryItem/Striker.lua,5db078dfb2c9206f39e491a1d26b6e7f1f6f1220
SPAS12,SPAS-12,shotgun,Дробовики,Shotgun,active,2,4,2-4,assigned,google_sheet:ДРБ,2-4,2,JAZZ_Caliber_12gauge,4,50,1,0,10,6,5000,7000,3,8,1,1,100,23,9,140,-10,1080,32,60,0,2800,-1,1,TwoHanded,Shoulder,1,0,28000,10,12,Buckshot;JAZZ_JokerShot;JAZZ_MobileShotgun,0,0,BaseJamChance;CritChanceScaled;Cumbersome;DegradePerShot;MaxAimActions;PenetrationBonus;PenetrationClass;Recoil;WeaponResourceMax,InventoryItem/SPAS12.lua,5db078dfb2c9206f39e491a1d26b6e7f1f6f1220
Stoeger,Вертикалка,shotgun,Дробовики,Shotgun,active,2,UNIQ,2-UNIQ,unique,google_sheet:ДРБ,2-UNIQ,,JAZZ_Caliber_12gauge,4,50,1,0,30,2,5000,3000,3,12,1,1,100,21,8,160,-15,1680,34,75,-100,3000,-1,1,TwoHanded,Shoulder,1,0,2500,10,6,Buckshot;DoubleBarrel;JAZZ_JokerShot;JAZZ_MobileShotgun,0,0,Cumbersome;DegradePerShot;MaxAimActions;PenetrationBonus;PenetrationClass;Recoil;WeaponResourceMax,InventoryItem/Stoeger.lua,5db078dfb2c9206f39e491a1d26b6e7f1f6f1220
M41Shotgun,M1014,shotgun,Дробовики,Shotgun,active,3,1,3-1,assigned,google_sheet:ДРБ,3-1,2,JAZZ_Caliber_12gauge,4,50,1,0,10,6,5000,7000,3,12,1,1,100,24,9,155,-15,1200,32,85,0,2400,-1,1,TwoHanded,Shoulder,1,0,32000,10,10,Buckshot;JAZZ_JokerShot;JAZZ_MobileShotgun,4,18,BaseJamChance;CritChanceScaled;Cumbersome;DegradePerShot;MaxAimActions;PenetrationBonus;PenetrationClass;Recoil;WeaponResourceMax,InventoryItem/M41Shotgun.lua,5db078dfb2c9206f39e491a1d26b6e7f1f6f1220
USAS12,USAS12,shotgun,Дробовики,Shotgun,active,3,2,3-2,assigned,google_sheet:ДРБ,3-2,3,JAZZ_Caliber_12gauge,4,50,1,0,10,15,5000,6000,3,9,1,1,100,22,8,145,-20,960,30,60,0,2500,-1,1,TwoHanded,Shoulder,1,0,60000,12,16,Buckshot;JAZZ_JokerShot;JAZZ_MobileShotgun,3,15,BaseJamChance;CritChanceScaled;Cumbersome;DegradePerShot;MaxAimActions;PenetrationBonus;PenetrationClass;Recoil;WeaponResourceMax,InventoryItem/USAS12.lua,5db078dfb2c9206f39e491a1d26b6e7f1f6f1220
AA12,AA12,shotgun,Дробовики,Shotgun,active,3,3,3-3,assigned,google_sheet:ДРБ,3-3,3,JAZZ_Caliber_12gauge,4,504,1,0,10,15,4000,6000,3,10,1,1,100,23,8,150,-12,960,29,75,0,2200,-1,1,TwoHanded,Shoulder,1,0,75000,12,20,Buckshot;JAZZ_JokerShot;JAZZ_MobileShotgun,5,20,BaseJamChance;CritChanceScaled;Cumbersome;DegradePerShot;MaxAimActions;PenetrationBonus;PenetrationClass;Recoil;WeaponResourceMax,InventoryItem/AA12.lua,5db078dfb2c9206f39e491a1d26b6e7f1f6f1220
Auto5_quest,«Усмиритель» Мамаши,shotgun,Дробовики,Shotgun,active,,,,unassigned,,,,12gauge,4,150,1,0,10,9,4000,3000,3,4,1,1,100,8,,0,0,1200,20,20,0,1000,-1,1,TwoHanded,Shoulder,1,0,1200,10,50,Buckshot,1,1,BaseJamChance;CritChanceScaled;Cumbersome;DegradePerShot;Grouping;Handling;MaxAimActions;Noise;PenetrationBonus;PenetrationClass;Recoil;WeaponResource;WeaponResourceMax,InventoryItem/Auto5_quest.lua,5db078dfb2c9206f39e491a1d26b6e7f1f6f1220
