profile_id,nick,line,text
051,id051,000,Негодяи.
051,id051,001,Врагам пора помолиться!
051,id051,002,Они прижали меня к стене!
051,id051,003,
051,id051,004,
051,id051,005,
051,id051,006,"О, я что-то слышал."
051,id051,007,
051,id051,008,Здесь творится что-то не то. Мне это не нравится.
051,id051,009,
051,id051,010,"Ну хватит, это уже не смешно!"
051,id051,011,"Гм, а это что?"
051,id051,012,Здесь что-то лежит.
051,id051,013,Надо перезарядиться!
051,id051,014,"Меня задело... Похоже на ранение в живот, контузию и вазэктомию одновременно."
051,id051,015,
051,id051,016,
051,id051,017,
051,id051,018,"Прошу прощения, я задумался. Можно еще раз?"
051,id051,019,Ружье заклинило.
051,id051,020,Они пытаются сделать из меня кашу!
051,id051,021,"Ну... Это непохоже на то, что написано в путеводителе."
051,id051,022,"Интересно, сколько жизней у меня еще осталось."
051,id051,023,"Не думаю, что у меня получится."
051,id051,024,"Блин, прошу прощения. Я все тут кровью залил."
051,id051,025,"Я упаду, если сейчас же не посплю."
051,id051,026,Минутку.
051,id051,027,Баю-бай!
051,id051,028,Первый пошел!
051,id051,029,
051,id051,030,
051,id051,031,
051,id051,032,
051,id051,033,Блин... Мне что-то дурно...
051,id051,034,
051,id051,035,Я все сделал.
051,id051,036,"Позвольте отказаться, сэр."
051,id051,037,"Ну наконец-то! Приятно видеть, что работа выполнена!"
051,id051,038,"Хорошо! Скажите, что я выиграл? Спортивный автомобиль? Или мне просто придется н"
051,id051,039,"Не знаю, встречал ли я большего придурка."
051,id051,040,Все это начинает действовать мне на нервы.
051,id051,041,"Многие из этих ребят под венец не годятся, однако в драке они хороши."
051,id051,042,Нас заметили с воздуха!
051,id051,043,Эти вещи совершенно бесполезны. Лучше уж снежки бросать.
051,id051,044,
051,id051,045,
051,id051,046,Я не обычный наемник.
051,id051,047,"Это звучит, как предложение штабной крысы, а не опытного боевого командира."
051,id051,048,"Все, кто не ожидал этого, поднимите руки."
051,id051,049,
051,id051,050,
051,id051,051,
051,id051,052,
051,id051,053,
051,id051,054,
051,id051,055,
051,id051,056,У меня глаза слезятся! Я вижу лишь смутные тени.
051,id051,057,Это бесполезно.
051,id051,058,Он мне нравится.
051,id051,059,В этом районе обнаружены враги.
051,id051,060,"Помните, мы обнаружили не всех."
051,id051,061,
051,id051,062,"Облако дыма, падение тела... На свете нет ничего лучше!"
051,id051,063,
051,id051,064,
051,id051,065,"Ага! Получилось! Когда кто-нибудь оповестит их родных, мы сможем двинуть в следу"
051,id051,066,"Кто бы ни спер эти вещи, этот ящик станет его гробом. Надеюсь, вы поняли, о чем"
051,id051,067,"Вставай, и я снова сделаю это! Блин, ей уже хватит. Ненавижу подобные ситуации!"
051,id051,068,"Кошак! Стопудово, я видел кошака!"
051,id051,069,Ты лучший командир на этой стороне! Я был здесь с первого дня до самого конца. О
051,id051,070,"Они, наверно, поняли, к чему идет. Они оставили это место нам."
051,id051,071,Я посплю чуток. Я недолго.
051,id051,072,Я вернулся.
051,id051,073,И я тоже.
051,id051,074,Этот хлам из уцененки поломался. Он бесполезен.
051,id051,075,Держись крепче! Здесь все может накрыться.
051,id051,076,"Иди прямо по пунктирной линии, чувак. Отклоняться может быть опасно."
051,id051,077,Мне надо... за что-нибудь схватиться... Или я... утону...
051,id051,078,Я прибыл на место. Что на повестке дня?
051,id051,079,"Ну и тип. Он похож на хлыща, что приставал к моей мамочке, пока папочка не дал е"
051,id051,080,Ох! Моя спина... Ну и шмякнулись.
051,id051,081,"Не расстраивайся, парень, у нас еще будет шанс отыграться."
051,id051,082,"Если наше падение кто-нибудь видел, они пойдут проверить. Лучше побыстрее уйти о"
051,id051,083,Здесь нет выхода наружу. Придется найти способ открыть дверь внизу.
051,id051,084,"Что ты думаешь, я проложу новый туннель? Пути назад нет."
051,id051,085,"Ох! Здесь холоднее, чем у снегурочки за пазухой!"
051,id051,086,"Эх, улететь бы сейчас домой, к мамочке!"
051,id051,087,"Тоже мне, город-пряник."
051,id051,088,"Миленький лесочек. Полянки подстрижены, елочки причесаны..."
051,id051,089,"Счет не в нашу пользу. Похоже, кое-кто остался позади."
051,id051,090,"Мы попали сюда, но у меня в ушах звенит. Наверняка как и у всех на несколько кил"
051,id051,091,"Трудно поверить, но весь отряд цел."
051,id051,092,"Это только я такой, или и все остальные не прочь провести весь день здесь и проч"
051,id051,093,Я изо всех сил постараюсь не причинить этому парню серьезных повреждений.
051,id051,094,Это будет приятно.
051,id051,095,
051,id051,096,
051,id051,097,"Вы видели не так уж много, полковник, но я не рассчитывал завербовать всех на то"
051,id051,098,
051,id051,099,
051,id051,100,Я всегда хотел заполучить одну из этих штук.
051,id051,101,
051,id051,102,"Похоже, твое путешествие окончено."
051,id051,103,"Дай-ка посмотреть... Хм, похоже, на этот раз мы нашли что-то весьма интересное!"
051,id051,104,"Ничего себе работенку мне подсунул Ричардс! Ну да ладно, все уже позади."
051,id051,105,На такой теплый прием даже я не рассчитывал.
051,id051,106,Это какое-то средневековое оружие. Точно не знаю.
051,id051,107,"Эти кошаки - серьезная угроза. То есть, я имел в виду, БЫЛИ серьезной угрозой."
051,id051,108,"Да, хорошие подарки тебе дарят ""друзья"", ничего не скажешь."
051,id051,109,Похоже этот миляга из полиции нас попросту подставил. Уходим!
051,id051,110,"Наверно, я смогу разломать эту штуку. Хотя с кусачками получилось бы гораздо тиш"
051,id051,111,"Тот, кто делал эту дверь, не рассчитывал, чтобы в нее входили."
051,id051,112,"Надеюсь, это открылась дверь снизу."
051,id051,113,Мать моя женщина! Ну и шум!
051,id051,114,Мы готовы! Они отключают вентилятор.
051,id051,115,Теперь нужно поскорее выбираться отсюда.
051,id051,116,"Держу пари, одна из этих кнопок открывает дверь в лифт. Вот только какая?"
051,id051,117,
051,id051,118,
051,id051,119,
052,id052,000,Вижу цель.
052,id052,001,Нужно избавиться от некоторых неудобств.
052,id052,002,Какой кошмар!
052,id052,003,
052,id052,004,
052,id052,005,
052,id052,006,Я слышал подозрительный звук.
052,id052,007,
052,id052,008,"Тут кто-то есть, чувак. За нами следят."
052,id052,009,
052,id052,010,"Боже, мне нужна поддержка."
052,id052,011,Что это?
052,id052,012,Стоит взглянуть.
052,id052,013,Патронов нет.
052,id052,014,В этот раз мне досталось... могу и не оправиться.
052,id052,015,
052,id052,016,
052,id052,017,
052,id052,018,"Пардон, можно еще раз?"
052,id052,019,"Блин, проклятое ружье заело."
052,id052,020,Они включили подогрев!
052,id052,021,Словно москита пришлепнули.
052,id052,022,Настал мой час.
052,id052,023,Надо найти другую позицию.
052,id052,024,У меня проникающее ранение. Я теряю кровь.
052,id052,025,Я посплю здесь немного.
052,id052,026,Чуть... помедленнее.
052,id052,027,Цель поражена.
052,id052,028,Жри сырым!
052,id052,029,
052,id052,030,
052,id052,031,
052,id052,032,
052,id052,033,Кое у кого многовато сняли сверху.
052,id052,034,f
052,id052,035,Я закончил.
052,id052,036,"Простите, нет."
052,id052,037,Основная цель поражена.
052,id052,038,АГА!!! То есть...это просто моя работа.
052,id052,039,Такие товарищи нам не нужны.
052,id052,040,"Я надеялся, что все будет лучше."
052,id052,041,"Некоторым людям следовало бы понять, что профессия наемника - не для всех."
052,id052,042,Атака с воздуха! Это не шутка!
052,id052,043,Это просто хлам. Его незачем и с собой таскать.
052,id052,044,
052,id052,045,
052,id052,046,Я старался.
052,id052,047,"Пожалуй, это следует еще раз обдумать."
052,id052,048,Этого и следовало ожидать.
052,id052,049,
052,id052,050,
052,id052,051,
052,id052,052,
052,id052,053,
052,id052,054,
052,id052,055,
052,id052,056,Погодите... Я ничего не могу разглядеть.
052,id052,057,Это не для меня.
052,id052,058,Повстречать можно разных людей. Но некоторых из них приятно встретить.
052,id052,059,Внимание! Мы убедились в присутствии врага.
052,id052,060,Они не могли уйти далеко...
052,id052,061,
052,id052,062,Дело сделано.
052,id052,063,
052,id052,064,Мы должны предотвратить это. И у нас достаточно огневой мощи.
052,id052,065,"Цели кончились! По крайней мере, здесь."
052,id052,066,"Гм. Нам стоит получше разобраться, с кем мы имеем дело. Они снимают самые сливки"
052,id052,067,"Мне удивительно это говорить, однако иногда пуль не хватает... Теперь многие мат"
052,id052,068,Рысь!
052,id052,069,"Ну, мы были вместе с самого начала. Много воды утекло... Кажется, это было очень"
052,id052,070,Они сбежали через черный ход. Теперь мы здесь одни.
052,id052,071,"Отдыхаю перед тем, как сделать очередную глупость."
052,id052,072,Я снова готов к работе.
052,id052,073,И я.
052,id052,074,Этой штуке место в ближайшей помойке.
052,id052,075,"Черт! Похоже, у нас проблема."
052,id052,076,На месте стой! Видите? Выглядит подозрительно.
052,id052,077,Эй... здесь подводное те...<буль> те...<буль> те...<буль> течение!
052,id052,078,Все чисто.
052,id052,079,Сервис на уровне мировых стандартов.
052,id052,080,"Бррр! А что это за белая дрянь? Мы что, в Канаде?"
052,id052,081,Мне не по себе.
052,id052,082,"Если мы не отправимся как можно скорее, я до смерти окоченею."
052,id052,083,"Это никуда не ведет. Нужно сообразить, как открыть дверь снизу."
052,id052,084,"Не знаю, куда я должен идти. В конце концов, мы в туннеле."
052,id052,085,Только я мог оказаться в сугробе в одних плавках.
052,id052,086,"Боже, сколько самолетов. У меня от рева двигателей в ушах звенит."
052,id052,087,В этом городе чего-то сильно не хватает.
052,id052,088,Неплохое место для рыбалки.
052,id052,089,Черт! У нас недостаток в живой силе.
052,id052,090,"Не думаю, что наше появление будет для кого-нибудь сюрпризом."
052,id052,091,Весь отряд прошел. Теперь стоит устроить маленький сюрприз для людей на той стор
052,id052,092,"Старый мошенник. Проверьте, все ли наши вещи на месте."
052,id052,093,Такого арсенала я не видел даже у контрабандистов Чикаго.
052,id052,094,Хорошие последние слова!
052,id052,095,
052,id052,096,
052,id052,097,"Классная история, полковник. Как я понимаю, это все."
052,id052,098,
052,id052,099,
052,id052,100,Гм. Никогда не доводилось подержаться за одну из этих штук.
052,id052,101,"Может, это следует снова обдумать?"
052,id052,102,Забавно потерять кого-то поважнее.
052,id052,103,"Ну-ка, посмотрим, что мы откопали..."
052,id052,104,Наконец-то мы выбрались из этого змеиного гнезда.
052,id052,105,А вот и комитет по торжественной встрече.
052,id052,106,"Гм!.. Ручная мортира. Я слышал о таких, но не думал, что когда-нибудь увижу ее."
052,id052,107,"Наконец-то все мертвы. Теперь я знаю, почему их не бывает в зоопарке. Слишком оп"
052,id052,108,"Парень, с такой работой надо осторожнее обращаться с посылками. Дольше проживешь"
052,id052,109,"У меня ощущение, что мы крупно влипли. Надо рвать когти."
052,id052,110,"Надо как-нибудь открыть это. Наверно, придется действовать грубой силой, потому"
052,id052,111,Крепкая дверь!
052,id052,112,"Похоже, нам повезло... Я уверен, что слышал, как что-то открылось."
052,id052,113,Это не церковный колокол!
052,id052,114,Это для нас. Они отключили вентилятор.
052,id052,115,"Ого! Держу пари, Ричардс с Моханнедом будут писать крутым кипятком от счастья, к"
052,id052,116,"Все, дело сделано. Попрощайтесь с этим чудесным островом, ребята, мы летим домой"
052,id052,117,
052,id052,118,
052,id052,119,
054,id054,000,Еще агрессоры.
054,id054,001,Они здесь. Давай устроим шоу.
054,id054,002,"Пора убираться отсюда, пока я еще могу ходить!"
054,id054,003,
054,id054,004,
054,id054,005,
054,id054,006,Слышишь?
054,id054,007,
054,id054,008,Что-то не дает мне покоя.
054,id054,009,
054,id054,010,
054,id054,011,Гляди-ка.
054,id054,012,Что это там такое?
054,id054,013,Обойма пуста.
054,id054,014,Я ничего не чувствую...Смерть моя приходит.
054,id054,015,
054,id054,016,
054,id054,017,
054,id054,018,"Погоди-ка, я что-то не соображу. Что мне нужно делать?"
054,id054,019,Это проклятое ружье накрылось бедой - пардон.
054,id054,020,"Если я не выберусь отсюда, я поджарюсь!"
054,id054,021,Спасибо. Большое спасибо.
054,id054,022,"Ну... Лучше смотреть, чем трогать."
054,id054,023,"Отсюда вряд ли. Может быть, с другого места."
054,id054,024,"Если кровь не остановить, то скоро я потеряю сознание."
054,id054,025,Я засыпаю. Мне бы прилечь на часок.
054,id054,026,Я задыхаюсь. Погоди чуток.
054,id054,027,"Тебе конец, придурок."
054,id054,028,
054,id054,029,
054,id054,030,
054,id054,031,
054,id054,032,
054,id054,033,Я неделю не смогу прикоснуться к еде.
054,id054,034,
054,id054,035,Могу заняться чем-нибудь еще.
054,id054,036,Нет. Это не ко мне.
054,id054,037,Лучше бы она помучалась подольше... Хотя и так неплохо.
054,id054,038,"Ага, милашка! Труп из тебя классный!"
054,id054,039,"Похоже, этого придурка папа с мамой недоделали!"
054,id054,040,"В следующий раз займусь чем-нибудь поинтересней...например, отстрелом крыс в мет"
054,id054,041,"Господи, надеюсь, групповых фото не будет. Не хочу, чтобы меня видели с этим сбо"
054,id054,042,Бог ты мой! Нас атакуют с воздуха!
054,id054,043,"Во всем мире не хватит скотча, чтобы хоть как-нибудь скрепить все это."
054,id054,044,
054,id054,045,
054,id054,046,Я делаю успехи!
054,id054,047,Отстойный план.
054,id054,048,"Итак, Золотым Суппозиторием награждается..."
054,id054,049,
054,id054,050,
054,id054,051,
054,id054,052,
054,id054,053,
054,id054,054,
054,id054,055,
054,id054,056,Господи! Я не могу открыть глаза.
054,id054,057,Из этого ничего не выйдет.
054,id054,058,Приятный парень.
054,id054,059,Будь осторожен. Вокруг враги.
054,id054,060,"Мы нашли не всех, так что будем осторожны."
054,id054,061,Ух ты! Такое не каждый день увидишь.
054,id054,062,
054,id054,063,"Похоже, тот малыш от кого-то прячется."
054,id054,064,
054,id054,065,Ура! Теперь все чисто! Грязи не осталось.
054,id054,066,"Держись. Похоже, у нас проблема. Где эта хрень?"
054,id054,067,"Как ощущения, радость моя? Скажу по секрету, мне весьма приятно, как и всем оста"
054,id054,068,Чаппи!
054,id054,069,"Чудесно было пройти вместе огонь и воду. Спасибо за все - ну, ты понимаешь, о че"
054,id054,070,Они слиняли. Какая гадость.
054,id054,071,"Пойду вздремну. Как встану, позову тебя."
054,id054,072,"ОК, я возвращаюсь к работе."
054,id054,073,"Да, и для меня."
054,id054,074,Это нужно исправить.
054,id054,075,Ну и ну! Тут есть и живой.
054,id054,076,Я к этому и близко не подойду.
054,id054,077,Еще... минута... мне больше не продержаться...
054,id054,078,Я здесь. Жду инструкций.
054,id054,079,Наконец-то у нас станет полегче с экипировкой.
054,id054,080,Ох! Куда мы попали?
054,id054,081,"Ну... Он прав. По крайней мере, мы живы."
054,id054,082,"Нам надо идти. Хорошо бы туда, где поменьше снега."
054,id054,083,"Я не вижу выхода отсюда. Нам надо сообразить, как открыть ту дверь снизу."
054,id054,084,И куда я попаду?
054,id054,085,"Не могу поверить, что я попала в буран в одной драной майке. Кое-кто не сделал с"
054,id054,086,"Не думаю, что мы сумеем угнать вертолет."
054,id054,087,"Чудное место, не правда ли?"
054,id054,088,Какая прелестная речушка. Давайте искупнемся?
054,id054,089,"Хорошо бы все смогли пройти. Никто не знает, что там впереди."
054,id054,090,"Не думаю, что наше прибытие теперь будет неожиданным."
054,id054,091,Здорово! Мы все тут.
054,id054,092,"Фу, ну и запах. Ручаюсь, он не мылся со времен вселенского потопа."
054,id054,093,Он мог бы взять пару уроков по торговому делу.
054,id054,094,"Я прошла долгий путь, чтобы поглядеть на тебя!"
054,id054,095,"Я уверен, он знает, о чем говорит."
054,id054,096,"Чем больше, тем лучше."
054,id054,097,"Кто знает, даже я мог бы узнать от вас что-нибудь полезное."
054,id054,098,
054,id054,099,
054,id054,100,Что-то новое.
054,id054,101,"Не хочу портить праздник, но неужели мы правда собираемся лезть через вентилятор"
054,id054,102,Он должен был предчувствовать это.
054,id054,103,А ну дай-ка сюда...
054,id054,104,Хорошая работа. Они больше не будут угрожать .
054,id054,105,"Похоже, в здешних местах вывелась новая порода горных козлов."
054,id054,106,"Бог ты мой! Этой штуке, наверно, лет сто."
054,id054,107,Осталось только сделать уборку.
054,id054,108,Ну и идиот! Ха-ха-ха!
054,id054,109,"Остались только мелкие кусочки. И от него самого, и от всего, что у него было."
054,id054,110,"Это всегда случается, если кусачки оставить дома. Может, получится взять силой."
054,id054,111,"Посмотри на дверь... Не думаю, что ее можно открыть."
054,id054,112,"Там что-то сдвинулось, я слышала."
054,id054,113,"Я уверена, это не мы включили тревогу. Что же это такое?"
054,id054,114,Пора. Это наш шанс потихоньку проникнуть в нужное место.
054,id054,115,"Ага, это именно то, что мы искали. Теперь можно сваливать."
054,id054,116,"Думаю, этот лифт вывезет нас прямо на поверхность. О, а вот и кнопка."
054,id054,117,
054,id054,118,
054,id054,119,
055,id055,000,Вижу врага.
055,id055,001,У нас проблемы.
055,id055,002,Это для меня слишком!
055,id055,003,
055,id055,004,
055,id055,005,
055,id055,006,"Не знаю, что это был за звук, но мне он не нравится."
055,id055,007,
055,id055,008,Не нравится мне эта тишина.
055,id055,009,
055,id055,010,Эти штуки играют не по правилам!
055,id055,011,А это что?
055,id055,012,"Похоже, тут что-то есть."
055,id055,013,От пустого ружья мало толку.
055,id055,014,"Надеюсь, я выгляжу лучше, чем чувствую себя."
055,id055,015,
055,id055,016,
055,id055,017,
055,id055,018,Можно еще разок?
055,id055,019,Этому ружью конец.
055,id055,020,Становится жарковато!
055,id055,021,"Это что, наезд?"
055,id055,022,Мне вдруг очень захотелось жить.
055,id055,023,Я не слишком уверена в этом выстреле.
055,id055,024,"Эй, кто-нибудь может остановить кровь?"
055,id055,025,Я сейчас на ходу усну.
055,id055,026,Отдышаться бы.
055,id055,027,Еще один.
055,id055,028,Еще одно.
055,id055,029,
055,id055,030,
055,id055,031,
055,id055,032,
055,id055,033,Ненавижу смотреть на подобные вещи.
055,id055,034,
055,id055,035,Дело сделано.
055,id055,036,На такой приказ я не согласна.
055,id055,037,"Расходитесь по домам, здесь не на что смотреть."
055,id055,038,"Приходится считать, что у эта штука была зачем-то нужна... Но кабы я знала, заче"
055,id055,039,"Неловко говорить, но он полный дебил."
055,id055,040,"Похоже, от меня здесь толку мало. А для меня здесь еще меньше толку."
055,id055,041,"Похоже, все в этой команде интересуются только собой."
055,id055,042,Вражеские самолеты!
055,id055,043,"Все, что здесь есть, требует ремонта или замены. Так войну не ведут."
055,id055,044,
055,id055,045,
055,id055,046,А я молодец!
055,id055,047,"По-моему, лучше найти другой способ."
055,id055,048,"Неудивительно, что это не прошло."
055,id055,049,
055,id055,050,
055,id055,051,
055,id055,052,
055,id055,053,
055,id055,054,
055,id055,055,
055,id055,056,"Ох, мне в глаза попали. Огнем горят!"
055,id055,057,"Пожалуй, мне лучше заняться чем-нибудь другим."
055,id055,058,Лучше бы мне встретить ее в другой ситуации.
055,id055,059,Поблизости враги.
055,id055,060,По меньшей мере один из них остался неучтенным. Он может дождаться момента и сде
055,id055,061,Это может поднять мне настроение.
055,id055,062,
055,id055,063,
055,id055,064,При нас она не станет. Можешь рассчитывать.
055,id055,065,Один-ноль в нашу пользу! Врагам конец.
055,id055,066,Кое-что пропало.
055,id055,067,"Простите меня за холодный расчет, однако эта женщина по любому была полным нулем"
055,id055,068,Пума!
055,id055,069,Люди в Арулько теперь могут спать спокойнее. С неба можно ожидать только дождя.
055,id055,070,"Они, наверно, смылись. В этом секторе нет врагов."
055,id055,071,"Я вздремну, а потом вернусь к работе."
055,id055,072,"Отдохнула, продолжаю работать."
055,id055,073,Я тоже хотела это сказать.
055,id055,074,Профилактика могла бы предотвратить это. А теперь это лишь мертвый груз.
055,id055,075,"Здесь везде надписи ""смертельно""."
055,id055,076,Осторожно. Я бы держалась подальше.
055,id055,077,Помогите!.. Тону!.. Кто-нибудь!..
055,id055,078,Я прибыла. Жду дальнейших указаний.
055,id055,079,"Каков продавец, таков и товар."
055,id055,080,"Хорошо... Главное, руки-ноги сосчитать."
055,id055,081,"Да, бывает хуже, но реже."
055,id055,082,"Нужно двигаться. От того, что мы стоим, теплее не становится."
055,id055,083,"Похоже, здесь тупик... Должен быть способ открыть ту дверь снизу."
055,id055,084,"Ага... Просто сяду на ближайший автобус до Мемфиса. Может, ты забыл, но обратног"
055,id055,085,Это просто безумие. Мы же замерзнем до смерти.
055,id055,086,Даже в аэропорту Кеннеди самолетов меньше.
055,id055,087,Долго еще мы будем бродить туда-сюда?
055,id055,088,"По моему, здесь нет ничего интересного."
055,id055,089,"Нас стало меньше. Надеюсь, на вентиляторе нет крови."
055,id055,090,"После такого шума звонить в дверь не требуется. Думаю, можно сказать, что нас жд"
055,id055,091,"Похоже, все здесь. По крайней мере, никому не придется мыть лопасти вентилятора."
055,id055,092,"Может быть, нам тоже стоит внести пару предложений. Например, не оставлять гнусн"
055,id055,093,"Что за дела с этими торговцами оружием? Они что, близнецы-братья?"
055,id055,094,"У вас нет улик, правда?"
055,id055,095,"В случае с кем-то другим я бы не повелась, однако что-то в Руди заставляет меня"
055,id055,096,"Твои мятежники наверняка вокруг. Хорошо, что ты с нами."
055,id055,097,"Я буду следить за тобой, Биггенс. Любой намек на измену, и я сама спущу курок."
055,id055,098,
055,id055,099,
055,id055,100,"Эй, вот и новая игрушка. Слишком..."
055,id055,101,"Даже и думать не хочу о том, что может случиться, если кто-нибудь попадет под ло"
055,id055,102,"Не думаю, что твоя мамаша будет плакать."
055,id055,103,Дайте-ка посмотреть...
055,id055,104,"Такое чувство, будто меня облили дерьмом. Вот что значит связаться с политикой."
055,id055,105,"Здесь что, всех туристов так встречают?"
055,id055,106,Эта штука выглядит древней. Вряд ли она работает.
055,id055,107,"Ненавижу этих кошек! Надеюсь, их больше нет."
055,id055,108,"Должна признать... Это было весьма круто. Не думаю, что это было запланировано."
055,id055,109,"Очень жаль, но от его вещей ничего не осталось."
055,id055,110,"Жаль, что нечем это все перекусить. Придется действовать старым способом - хорош"
055,id055,111,"Не думаю, что здесь есть хотя бы дырка для ключа. Открыть ее будет непросто."
055,id055,112,"Ну... Похоже, что-то получилось. По-моему, все здание затряслось."
055,id055,113,"Не понимаю, что это за шум."
055,id055,114,"Пора двигаться, пока вентилятор не начал вертеться снова."
055,id055,115,"Черт, все зашифровано, только несколько слов и можно разобрать. Но все равно я д"
055,id055,116,"Все, пора убираться отсюда. Наверняка дверь в лифт открывает одна из кнопок на п"
055,id055,117,
055,id055,118,
055,id055,119,
055,id055,120,
056,id056,000,Опять они!
056,id056,001,"Ну, выдавим пару прыщиков."
056,id056,002,"Похоже, я попалась!"
056,id056,003,
056,id056,004,
056,id056,005,
056,id056,006,Я слышала какой-то шум.
056,id056,007,"Господи, ну и вонь."
056,id056,008,"У меня мурашки по коже. Похоже, скоро раскроются врата ада."
056,id056,009,
056,id056,010,
056,id056,011,Смотри.
056,id056,012,Кто-то что-то уронил.
056,id056,013,Эту штуку надо зарядить.
056,id056,014,"Я еще не умерла, но это единственная хорошая новость."
056,id056,015,
056,id056,016,
056,id056,017,
056,id056,018,Чего-то я запуталась.
056,id056,019,Это ружье поломалось как раз вовремя.
056,id056,020,Граната бы не помешала.
056,id056,021,"А, пустяки."
056,id056,022,"Хорошо, что я не боюсь смерти."
056,id056,023,Отсюда хорошего выстрела не сделать.
056,id056,024,У меня редкая группа крови. Лучше остановить кровотечение.
056,id056,025,Я сейчас упаду. Надо бы немного вздремнуть.
056,id056,026,Минутку... Я переведу дух.
056,id056,027,Кровь за кровь!
056,id056,028,Возвращайся в ад.
056,id056,029,
056,id056,030,
056,id056,031,
056,id056,032,
056,id056,033,"Ох, я не из брезгливых, но, похоже, сейчас проблююсь."
056,id056,034,
056,id056,035,Все готово. Найдите что-нибудь еще.
056,id056,036,Как-то не особо хочется.
056,id056,037,Это пустяки. Хотя я не отказалась бы повторить.
056,id056,038,Ага! Чертовски забавно вышло.
056,id056,039,Ну и дебил.
056,id056,040,"Лучше торговать вразнос, чем заниматься таким дерьмом."
056,id056,041,"Не знаю, из под какой колоды эти парни выползли, но они меня в дрожь вгоняют."
056,id056,042,Эти черти летят низко!
056,id056,043,Да за эту дрянь гроша ломаного не получишь.
056,id056,044,
056,id056,045,
056,id056,046,Я кое-чему научилась.
056,id056,047,А мозги вам не забыли выдать?
056,id056,048,А на что можно было надеяться? На чудо?
056,id056,049,
056,id056,050,
056,id056,051,
056,id056,052,
056,id056,053,
056,id056,054,
056,id056,055,
056,id056,056,Мне попали в глаза. Все расплывается.
056,id056,057,Да я всю жизнь могу пытаться сделать это.
056,id056,058,Ну и крендель.
056,id056,059,"Мы знаем, что враги здесь. Надо попытаться с ними расправиться."
056,id056,060,Они еще где-то здесь. Не будем расслабляться.
056,id056,061,
056,id056,062,Обожаю эту игрушку.
056,id056,063,
056,id056,064,"Не могу дождаться, когда она с этим познакомится. Когда я с ней разберусь, ей ос"
056,id056,065,"Да, детка. Это последние из ублюдков."
056,id056,066,"Может, кто-нибудь вернет пропажу, пока я не рассердилась?"
056,id056,067,"Сука. Лежи тихо. Знай, если она встанет, я застрелю ее снова. Это лучшее. Что я"
056,id056,068,Срань господня!
056,id056,069,"Я знала, что этот день придет. Я тоже довольна. Я рада, что все прошло быстро, и"
056,id056,070,"Похоже, эти сосунки наделали в штаны и сбежали. Как только мы появились тут."
056,id056,071,"Я прилягу на минутку. Я скажу, когда буду готова вернуться к работе."
056,id056,072,Я готова.
056,id056,073,"Эй, я первая это сказала."
056,id056,074,Эта штука сломана. Вряд ли ее стоит таскать.
056,id056,075,Ага! Эта штука грозит неприятностями.
056,id056,076,"Я не пошла бы туда, даже если бы это был единственный выход!"
056,id056,077,Тону! Господи! Спасите... <буль> Помогите!
056,id056,078,"Итак, каковы дальнейшие планы?"
056,id056,079,"Давайте воспринимать жизнь философски. В конце-концов, какая нам разница, кто пр"
056,id056,080,"Вот блин, фигня какая!"
056,id056,081,"Да, круто нас бабахнуло."
056,id056,082,Я себе задницу отморожу. Давайте двигаться.
056,id056,083,"Это никуда не ведет. Наверно, придется идти через дверь снизу."
056,id056,084,Забудь! С этого момента мы связаны друг с другом.
056,id056,085,"Бррр. Я чувствую себя, как курица в морозилке. Блин, ну и холод!"
056,id056,086,"Ух ты, сколько самолетов."
056,id056,087,"Может, чем осматривать местные достопримечательности,  лучше займемся наконец де"
056,id056,088,Я бы не против отдохнуть денек-другой в этом лесочке. И речушка славная...
056,id056,089,"Не всем удалось справится. Надеюсь, мы больше не понесем потерь."
056,id056,090,"Ну... Мы внутри, но я уверена, что об этом знают абсолютно все!"
056,id056,091,"Похоже, все здесь. Ну что, пора идти?"
056,id056,092,"Господи, что за мерзкий старикашка!"
056,id056,093,Ох! Он меня пугает.
056,id056,094,"Хрен тебе по всей морде, чувак!"
056,id056,095,"Мне кажется, он ничего не говорил о том, чтобы пойти с нами, правда?"
056,id056,096,
056,id056,097,"Итак, я должна поверить, что вы меняете сторону впервые, полковник? Это так, не"
056,id056,098,"И почему мне кажется, что один из нас должен стать нянькой?"
056,id056,099,
056,id056,100,Это совсем другое дело. Скорее бы испробовать.
056,id056,101,"Ох! Похоже, это небезопасно. Не знаю..."
056,id056,102,Фу... Он выглядит не особо!
056,id056,103,Позвольте взглянуть на письмо.
056,id056,104,"Да, это было сложное задание, но мы отлично справились и скоро будем дома."
056,id056,105,И как они здесь не замерзнут? Я бы ни за какие деньги не согласилась на такую ра
056,id056,106,
056,id056,107,"Похоже, проблему кошек мы решили. Их не слндовало держать в доме."
056,id056,108,Ух ты! Это круто! Ха-ха-ха! Ну и дебил!
056,id056,109,"Не смешно только то, что вместе с этим дебилом взорвались и все его вещи."
056,id056,110,"Без кусачек нам не пройти сквозь эту штуку тихо. Похоже, нам придется открывать"
056,id056,111,"На этой двери прямо написано: ""Никто сюда не войдет""."
056,id056,112,"Посмотрим, что это был за шум."
056,id056,113,"Хорошо, что я не здесь живу. Этот шум сводит меня с ума."
056,id056,114,Это сигнал вентилятора. У нас есть шанс.
056,id056,115,"Вот это да! Ребята, мы заслужили премиальные. Все, дело сделано, можно возвращат"
056,id056,116,Как бы выбраться отсюда половчее? Ужасно не хочется снова бродить по этим подвал
056,id056,117,
056,id056,118,
056,id056,119,
057,id057,000,Угроза!
057,id057,001,Шоу начинается!
057,id057,002,Меня достали.
057,id057,003,
057,id057,004,
057,id057,005,
057,id057,006,Что-то движется.
057,id057,007,
057,id057,008,В воздухе что-то есть. Я уверен.
057,id057,009,
057,id057,010,
057,id057,011,Что-то вижу.
057,id057,012,Вот.
057,id057,013,Стрелять нечем.
057,id057,014,Меня... ранили! Дела плохи.
057,id057,015,
057,id057,016,
057,id057,017,
057,id057,018,Что-то я не понял?
057,id057,019,Черт! Оно не стреляет.
057,id057,020,
057,id057,021,Я еще здесь!
057,id057,022,Однажды... мое везение кончится.
057,id057,023,Не выйдет. Отсюда не попасть.
057,id057,024,Возьми. Нужно перевязать.
057,id057,025,Ах... Пора баиньки.
057,id057,026,Воздуха!
057,id057,027,Аннигилирован.
057,id057,028,
057,id057,029,
057,id057,030,
057,id057,031,
057,id057,032,
057,id057,033,Ни струя себе фонтан!
057,id057,034,
057,id057,035,Готово! Что еще?
057,id057,036,Ни за что!
057,id057,037,
057,id057,038,
057,id057,039,Кое-кому надо бы вставить.
057,id057,040,Все совсем хреново...
057,id057,041,"Назвался груздем, полезай в кузов."
057,id057,042,Бомбят!
057,id057,043,Надо бы найти что-нибудь получше. Позор ходить с такими штуками.
057,id057,044,
057,id057,045,
057,id057,046,Я заметил улучшение.
057,id057,047,Это следует еще раз обдумать.
057,id057,048,Так я и думал.
057,id057,049,
057,id057,050,
057,id057,051,
057,id057,052,
057,id057,053,
057,id057,054,
057,id057,055,
057,id057,056,"Похоже, у меня роговица сгорела."
057,id057,057,Это пустая трата времени.
057,id057,058,Вроде все ОК.
057,id057,059,У нас есть работа. Здесь враги.
057,id057,060,Мы не закончили еще. Будь начеку.
057,id057,061,
057,id057,062,"Глаз за глаз, зуб за зуб!"
057,id057,063,
057,id057,064,
057,id057,065,"Похоже, мы одни."
057,id057,066,
057,id057,067,
057,id057,068,Вижу дикого кота.
057,id057,069,
057,id057,070,Черт! Они свалили.
057,id057,071,"Вздремну, пока не свалился."
057,id057,072,Уже не сплю.
057,id057,073,И меня не забудьте!
057,id057,074,Как раз в самый подходящий момент.
057,id057,075,Тут что-то не так. Это ловушка.
057,id057,076,Здесь что-то не так.
057,id057,077,
057,id057,078,Я прибыл. Жду указаний.
057,id057,079,Отлично затарились. Теперь у нас не будет проблем с экипировкой.
057,id057,080,Блин. Шея болит.
057,id057,081,Плохая посадка - это еще мягко сказано.
057,id057,082,Здесь не стоит долго оставаться.
057,id057,083,Пути наверх нет. Надо что-то сделать с той дверью.
057,id057,084,Пути назад нет. Я в этом уверен.
057,id057,085,Пальто бы не помешало. А в чем дело-то?
057,id057,086,"Самолеты, самолеты... А почему звездолетов нет?"
057,id057,087,Приятный городишко.
057,id057,088,"Мы сюда что, на сусликов охотиться приехали?"
057,id057,089,У нас потери. Не все смогли пройти.
057,id057,090,"Лучше зарядить оружие. Я уверен, после такого взрыва они делают то же самое."
057,id057,091,"Я вижу, все здесь. Хорошо."
057,id057,092,"Интересно, его мама с крыльца в детстве не роняла? Случайно?"
057,id057,093,Приятный и полезный парень.
057,id057,094,Позвольте мне попасть в цель!
057,id057,095,
057,id057,096,
057,id057,097,"Не болтайте об этом, полковник... И помните, теперь вы работаете на нас."
057,id057,098,
057,id057,099,
057,id057,100,Это стоит испытать.
057,id057,101,"Лезть сквозь вентилятор - это самая большая из глупость, которая когда-либо прих"
057,id057,102,Он больше никого не побеспокоит.
057,id057,103,Дайте мне взглянуть на это.
057,id057,104,В жизни не видел ничего подобного... И вряд ли увижу. Трогательное зрелище.
057,id057,105,"Что-то мне подсказывает, что мы еще столкнемся с сопротивлением."
057,id057,106,У меня была такая. Ручная мортира. Я получил за нее несколько баксов.
057,id057,107,"Думаю, их больше не осталось. Надолго."
057,id057,108,"Не хотел бы я иметь таких друзей, как у него."
057,id057,109,Где же мы теперь купим оружие?
057,id057,110,"Кусачки бы пригодились. Пожалуй, придется применить силу, но тогда все узнают, г"
057,id057,111,Вот что я называю дверью!
057,id057,112,Что-то снизу сдвинулось.
057,id057,113,А это еще что?
057,id057,114,Нас предупредили. Вентилятор ждет.
057,id057,115,"Нифига себе! Хотел бы я посмотреть на их рожи, когда кой-какие материалы из этой"
057,id057,116,"Так, а теперь все быстро в лифт. Мне нужно успеть попасть домой прежде, чем по т"
057,id057,117,
057,id057,118,
057,id057,119,
058,id058,000,Вот и жлоб.
058,id058,001,Наконец-то можно поразвлечься.
058,id058,002,Меня поражает их агрессивность.
058,id058,003,
058,id058,004,
058,id058,005,
058,id058,006,Мне неспокойно: я слышу странные звуки.
058,id058,007,
058,id058,008,"Нельзя забывать, что здесь опасно."
058,id058,009,
058,id058,010,
058,id058,011,Я что-то заметил.
058,id058,012,Это можно взять.
058,id058,013,Скучно жить с пустой обоймой.
058,id058,014,Умираю... но не сдаюсь...
058,id058,015,Смерть Лиски разбила не одно сердце в этом мрачном месте.
058,id058,016,"Меня огорчает потеря Сдобы. Хотя, может быть, смерть даст ей еще один шанс на жи"
058,id058,017,"Тоска успокоилась. Только смерть, или Гастон, могли успокоить ее ярость."
058,id058,018,Что же есть предназначение?
058,id058,019,Боже мой... это оружие неисправно.
058,id058,020,"Стреляйте себе, я не потеряю уверенности."
058,id058,021,Меня подставили. Все из-за плохой тактики.
058,id058,022,"Ха... ты умрешь, некомпетентный!"
058,id058,023,Туда только ураганом снесет.
058,id058,024,"Надеюсь, хоть шрама не останется."
058,id058,025,Усталость - худший из врагов.
058,id058,026,Нечем... дышать.
058,id058,027,Свободен... делов-то.
058,id058,028,
058,id058,029,Этот Злобный... Он издевается над языком наших отцов. Я не могу выносить это сло
058,id058,030,"Фло позорит собой поле брани. Эта женщина, не француженка. Она жила в Америке. О"
058,id058,031,"Я не хочу уподобиться Бифу. Он имбецил в самом худшем смысле, почти как его парт"
058,id058,032,Я ухожу отсюда. Биф невыносим и глуп. Я бы не доверил этому парню даже автомобил
058,id058,033,Какая трагедия. Кусочки могли бы быть и побольше.
058,id058,034,На лодке и то веселее.
058,id058,035,Закончил выполнение.
058,id058,036,Это просто смешно.
058,id058,037,
058,id058,038,
058,id058,039,"Цирк сгорел, клоуны остались."
058,id058,040,Мне надоело. Надоела эта безысходность.
058,id058,041,Ах... Хотел бы я оказаться среди цивилизованных людей.
058,id058,042,Самолет нас заметил. Они целятся в меня.
058,id058,043,"Похоже, мои вещи - не первой свежести."
058,id058,044,Мне пришлось смириться с негод
058,id058,045,"Америка! Страна без культуры. Эти люди просто летят на яркий свет, словно мотыль"
058,id058,046,Я это заслужил.
058,id058,047,Неужели очевидная глупость этого пугает только меня?
058,id058,048,"Похоже, ты удивлен?"
058,id058,049,Я пас. Я больше не могу поворачиваться спиной к своему народу. Когда Злобный гов
058,id058,050,Мне стыдно за Фло. Я уйду без лишнего шума.
058,id058,051,"Ох, Лиска..."
058,id058,052,"Ты горяча, Сдоба! Ты согреваешь мне душу."
058,id058,053,"Тоска, ты полна затаенной страсти."
058,id058,054,
058,id058,055,
058,id058,056,Я ослеп! Теперь придется пробираться во тьме на ощупь. Со мной уже было такое.
058,id058,057,Это невозможно.
058,id058,058,Гастон ее просто покорил. Это было очевидно.
058,id058,059,Мы здесь не одни.
058,id058,060,"Я, Гастон Кавалье, должен быть начеку, ради тех, кто уже не с нами."
058,id058,061,
058,id058,062,"Я обращаюсь с оружием как с женщиной, и оно верно мне служит."
058,id058,063,
058,id058,064,Ты не первый покидаешь Гастона из-за низких побуждений.
058,id058,065,Им всем крышка. Мы снова победили.
058,id058,066,
058,id058,067,
058,id058,068,"Я слышу, кошка мяучит."
058,id058,069,"Я выполнил то, зачем пришел. Теперь мне пора заняться добрыми делами. Я получил"
058,id058,070,Они сбежали. Они оценили мой талант.
058,id058,071,
058,id058,072,
058,id058,073,Запишите и меня.
058,id058,074,Этот хлам оскорбляет мое достоинство.
058,id058,075,"Пожалуй, лучше бы с этим поиграл кто-нибудь другой."
058,id058,076,"Мне это не нравится. Меня переполняют подозрения, словно ревнивого мужа."
058,id058,077,
058,id058,078,Я покоряюсь судьбе. Что я теперь должен делать?
058,id058,079,"Какой гнусный тип. Уверен, он никогда не учился даже в начальной школе."
058,id058,080,Боже мой... я жив.
058,id058,081,"Я не знаю, кто организовал эту операцию, но по-моему  и у мартышки получилось бы"
058,id058,082,"Мы сидим тут, словно утки. Кто-то мог заметить наше неудачное приземление."
058,id058,083,Отсюда нет выхода. Должен быть способ открыть эту дверь снизу.
058,id058,084,"Я не могу так уйти. Нас ведут одним путем, по туннелю войны."
058,id058,085,"Меня не предупреждали о том, как нужно одеваться. Мне совсем не нравится так дро"
058,id058,086,"Уйдем отсюда побыстрее, самолеты вызывают у меня ностальгию."
058,id058,087,Какое гнусное место! Небось и вина под натуральной пробкой не видели.
058,id058,088,"И моему ангельскому терпению есть предел. Мне нужно срочно кого-нибудь убить, а"
058,id058,089,Гастон прошел сквозь ловушку. Мы еще выпьем шампанского.
058,id058,090,"Я знаю, они нас ждут. Я уверен, этот шум был слышен даже в Алжире!"
058,id058,091,"Пройти через ловушку удалось всем. Я не уверен, что это к лучшему."
058,id058,092,Что за пародия на человека?
058,id058,093,"Даже думать не хочу, что будет, если мы попытаемся подшутить над этим парнем."
058,id058,094,Я своими руками убью этого человека.
058,id058,095,"Я опасаюсь. Он выглядит дружелюбным, но таким был и наш пилот."
058,id058,096,
058,id058,097,"Добро пожаловать, полковник. В моей команде всегда есть место для подготовленных"
058,id058,098,
058,id058,099,
058,id058,100,"Я поражен! Это невероятно. Оружие, из которого я еще никого не убивал?"
058,id058,101,Я не уверен в этом... Мясорубка смерти - и кто ей управляет?
058,id058,102,Это было неизбежно.
058,id058,103,Позвольте взглянуть...
058,id058,104,"Я разочарован. Мне казалось, такая организация как A.I.M. должна проявлять больш"
058,id058,105,"Мой дедушка был в отряде Сопротивления, однако я уверен, что даже ему не приходи"
058,id058,106,"Мортира восемнадцатого века. Прекрасное оружие для своего времени. Наверное, фра"
058,id058,107,"Похоже, мы закончили операцию по регулированию их популяции."
058,id058,108,Как забавно! Этот идиот сам разнес себя на кусочки.
058,id058,109,"К несчастью, все, что у него было, тоже превратилось в обломки."
058,id058,110,"Без кусачек мне остается только биться об этот барьер до тех пор, пока он не под"
058,id058,111,Это самая ужасная дверь. Ее так просто не откроешь.
058,id058,112,"Пора спускаться в подвал. Похоже, мы открыли секрет."
058,id058,113,Боже мой... Что за ужасный шум?
058,id058,114,Это сигнал. У нас есть доступ к вентилятору.
058,id058,115,"Я конечно не специалист по расшифровке, но по-моему это как раз то, что мы искал"
058,id058,116,"Давайте побыстрее покинем это место. Думаю, лифт вполне подойдет."
058,id058,117,
058,id058,118,
058,id058,119,
059,id059,000,Неудобства.
059,id059,001,Цели здесь.
059,id059,002,Черт! Я по уши увяз.
059,id059,003,
059,id059,004,
059,id059,005,
059,id059,006,Какой-то шум.
059,id059,007,
059,id059,008,Скорее! Я чувствую недоброе.
059,id059,009,
059,id059,010,
059,id059,011,Вот!
059,id059,012,Это что?
059,id059,013,У меня все! Нужны патроны.
059,id059,014,Плохо. Кровь льет как из ведра.
059,id059,015,"Жаль Буля, он был смелым парнем."
059,id059,016,Бифф мертв? Он был мне как родной.
059,id059,017,Гас был славным парнем.
059,id059,018,Ничего не понимаю.
059,id059,019,Ружье заклинило!
059,id059,020,Не все потеряно.
059,id059,021,Пара стаканов - и я про это и не вспомню.
059,id059,022,Козлы.
059,id059,023,Не выйдет. Ничего не видно.
059,id059,024,Тут у меня царапина.
059,id059,025,Пора залезть в спальный мешок...
059,id059,026,Дайте... отдышаться.
059,id059,027,Еще один клиент для капеллана.
059,id059,028,
059,id059,029,"Не знаю, чего несет этот Тревор. Хотя мне по фигу. Хрен с ним."
059,id059,030,"Эта Лава - самая жуткая тварь, которую я видел. Видно, придется застрелить ее са"
059,id059,031,
059,id059,032,
059,id059,033,Похоже на суп... Я люблю суп.
059,id059,034,
059,id059,035,Я закончил.
059,id059,036,"Надеюсь, ты не настаиваешь."
059,id059,037,
059,id059,038,
059,id059,039,Щукин сын.
059,id059,040,Это отстой!
059,id059,041,Фигляры. Почти все они - жалкая пародия на настоящих бойцов.
059,id059,042,Осторожно! Эти птички хотят на нас нагадить.
059,id059,043,Большую часть этого хлама стоит утопить.
059,id059,044,"Мне нравится, когда эти пижоны разгуливают, задрав нос, чтобы мне легче было цел"
059,id059,045,
059,id059,046,Это приходит с опытом.
059,id059,047,От этого за версту разит глупостью.
059,id059,048,Разойдитесь. Здесь не на что смотреть.
059,id059,049,"Он все время бормочет, как помешанный. Пора мне сваливать от Колби. У меня от не"
059,id059,050,"Если я еще раз ее увижу, я просто сдохну. Я, пожалуй, свалю подальше от этой Лав"
059,id059,051,"Он знает, что делает."
059,id059,052,Меня от этого парня прет.
059,id059,053,Этот парень может любого вояку за пояс заткнуть.
059,id059,054,
059,id059,055,
059,id059,056,Глаза словно вываливаются. Такого еще не было.
059,id059,057,"Не хочется говорить, но это бесполезно."
059,id059,058,Это было забавно.
059,id059,059,Сейчас тут заварится каша.
059,id059,060,Мы не всех еще перебили. Помните об этом.
059,id059,061,
059,id059,062,Это меня согревает.
059,id059,063,
059,id059,064,Теперь мы оба счастливы.
059,id059,065,Их здесь словно никогда и не было.
059,id059,066,
059,id059,067,
059,id059,068,Тут четвероногая беда.
059,id059,069,"У меня смешанные чувства насчет того, что все закончилось. Надо отдохнуть, но я"
059,id059,070,"Видно, кто-то крикнул ""Пожар!"". Они все сбежали."
059,id059,071,
059,id059,072,
059,id059,073,И меня посчитайте.
059,id059,074,Это просто дерьмо собачье!
059,id059,075,Дело нечисто. Будьте осторожны.
059,id059,076,Здесь что-то не так.
059,id059,077,
059,id059,078,Я простаиваю. Есть советы?
059,id059,079,"Похожий тип торговал наркотиками в нашем квартале. До тех пор, пока я ему не сло"
059,id059,080,Черт! Что это за чертовщина?
059,id059,081,"Ладно, парень, не бухти. В конце-концов, не на пироги к теще летели."
059,id059,082,Мы тут устроили неплохое шоу. Пора бы и сваливать отсюда.
059,id059,083,Отсюда никуда не выйдешь. Придется найти способ открыть эту проклятую дверь сниз
059,id059,084,"Ага... так! Есть только один способ выбраться, и всем вместе."
059,id059,085,"Знал бы я, что приземлюсь в Арктике, надел бы теплое белье. Черт! Я замерзаю!"
059,id059,086,Е-мое! Сколько здесь всяких самолетов-вертолетов!
059,id059,087,Я вырос в очень похожем городе...
059,id059,088,"Приятно снова почувствовать, что у меня в штанах еще что-то есть. Еще бы немножк"
059,id059,089,"Похоже, пройти удалось не всем! Увы..."
059,id059,090,"Мы наделали много шума, но мне это нравится. У них есть время подумать о том, чт"
059,id059,091,"Похоже, на сей раз мы обошлись без потерь."
059,id059,092,"Хороший человек, мне такие нравятся."
059,id059,093,Мелкая моська громко тявкает.
059,id059,094,"Это может оказаться интереснее, чем я думал!"
059,id059,095,"Похоже, он не врет. Я ему верю."
059,id059,096,
059,id059,097,"Будьте настороже, полковник. Иногда лучше держать язык за зубами."
059,id059,098,
059,id059,099,
059,id059,100,Черт! Эту штуку следует испытать.
059,id059,101,"Если эта штука заработает, когда мы в нее полезем, нам хана."
059,id059,102,Вообще-то он заслуживал более медленной смерти...
059,id059,103,Дай-ка сюда!
059,id059,104,"Конечно, не все было гладко, но согласитесь, в целом мы неплохо порезвились!"
059,id059,105,"Похоже, мы их так и не ущипнули за задницу. Теперь вся страна знает, что мы здес"
059,id059,106,Гм. Ручная мортира восемнадцатого века с боеприпасами. Я уже месяц таких не вида
059,id059,107,"Это был последний. Думается мне, теперь эта бабка будет торговать ковриками..."
059,id059,108,"Я думал, что повидал все. Наверно, взрывчатка - не его специальность."
059,id059,109,Нельзя было доверять тому типу в полицейской форме. Теперь нам придется прорыват
059,id059,110,"Кусачки бы пригодились. Теперь придется хорошенько вдарить по этой штуке, чтобы"
059,id059,111,"Взгляни на дверь. Похоже, нас не хотят туда пускать."
059,id059,112,Я слышал снизу какой-то шум.
059,id059,113,Что это за тревога? Мы что-то включили?
059,id059,114,Это нам. Вентилятор выключен.
059,id059,115,"Тьфу, абракадабра какая-то. Хотя... тут есть парочка интересных названий. Думаю,"
059,id059,116,"Нам пора сваливать. Давайте запустим подъемник и вылезем прямо наверх, к солнышк"
059,id059,117,
059,id059,118,
059,id059,119,
066,id066,000,Объект.
066,id066,001,Пора умирать.
066,id066,002,Вижу противника.
066,id066,003,
066,id066,004,
066,id066,005,
066,id066,006,Слышал шум.
066,id066,007,
066,id066,008,
066,id066,009,
066,id066,010,
066,id066,011,Это нужно?
066,id066,012,Там.
066,id066,013,Обойму!
066,id066,014,Я ранен.
066,id066,015,Теперь вы все - покойники. Это сказал Саймон Грандье.
066,id066,016,Всегда погибают лучшие.
066,id066,017,Ричардс будет очень расстроен.
066,id066,018,
066,id066,019,Нужен ремонт.
066,id066,020,Зацепило слегка.
066,id066,021,
066,id066,022,Они подошли слишком близко.
066,id066,023,Сам туда стреляй.
066,id066,024,Так не пойдет! Нужна перевязка.
066,id066,025,Пора отдохнуть.
066,id066,026,Не могу двигаться.
066,id066,027,Мишень уничтожена.
066,id066,028,
066,id066,029,
066,id066,030,
066,id066,031,
066,id066,032,
066,id066,033,Лучше промолчу...
066,id066,034,
066,id066,035,Задание выполнено.
066,id066,036,
066,id066,037,
066,id066,038,
066,id066,039,Мерзкий тип.
066,id066,040,Руководство за гранью идиотизма.
066,id066,041,"Я привык работать в одиночку, но контракт есть контракт."
066,id066,042,Ложись!
066,id066,043,
066,id066,044,Не люблю болтать.
066,id066,045,Не люблю болтать.
066,id066,046,Отлично.
066,id066,047,
066,id066,048,
066,id066,049,
066,id066,050,
066,id066,051,
066,id066,052,Профессионал.
066,id066,053,Хм! Наконец он хоть чему-то научился.
066,id066,054,
066,id066,055,
066,id066,056,
066,id066,057,Невозможно.
066,id066,058,Неплохо.
066,id066,059,Мы здесь не одни.
066,id066,060,Работа еще не закончена.
066,id066,061,
066,id066,062,Обезврежен.
066,id066,063,
066,id066,064,Решение глупца.
066,id066,065,Здесь все.
066,id066,066,
066,id066,067,
066,id066,068,Кошатина!
066,id066,069,"Я знал, что останусь жив, но вот что меня удивляет. Как в этой мясорубке сумели"
066,id066,070,Противник скрылся.
066,id066,071,
066,id066,072,
066,id066,073,Согласен.
066,id066,074,Выброси этот хлам.
066,id066,075,Здесь нужен специалист.
066,id066,076,Осторожно! Мины.
066,id066,077,Мне... не чем... дышать...
066,id066,078,Я на месте.
067,id067,000,Мишень!
067,id067,001,Кто хочет пострелять?
067,id067,002,"Та-ак, где моя большая пушка?"
067,id067,003,
067,id067,004,
067,id067,005,
067,id067,006,"Пф! Топают, как слоны."
067,id067,007,
067,id067,008,
067,id067,009,
067,id067,010,
067,id067,011,Похоже вещичка ищет хозяина.
067,id067,012,Взять или не взять?
067,id067,013,"Умник, обойма пустая!"
067,id067,014,Дело дрянь.
067,id067,015,"Что, умник, доигрался? Знаешь, я рыдать не умею, а вот рассчитаться с ними и с Т"
067,id067,016,"Не могу сказать, что мы были друзьями, но стрелок он был действительно отменный."
067,id067,017,Этого парня мне будет не хватать.
067,id067,018,
067,id067,019,Техника просто супер.
067,id067,020,Вот гадство.
067,id067,021,
067,id067,022,Черт.
067,id067,023,"Вообще-то я взломщик, а не снайпер. Припоминаешь?"
067,id067,024,"Извините что беспокою, сэ-эр, но с такой дырой много не навоюешь."
067,id067,025,"Ао-х! Время видеть сны, начальник."
067,id067,026,Фу-у-у... Кислородную подушку. Срочно.
067,id067,027,Отдохни!
067,id067,028,
067,id067,029,
067,id067,030,
067,id067,031,
067,id067,032,
067,id067,033,После взрывчатки грязи куда меньше.
067,id067,034,
067,id067,035,С этим все.
067,id067,036,
067,id067,037,
067,id067,038,
067,id067,039,"Кажется, мы зря теряем время. Что за глупые люди!"
067,id067,040,"Да-а, я всегда знала, что жить вредно, но никогда не думала, что до такой степен"
067,id067,041,"Конечно, это не высшее общество, но могло быть и куда хуже."
067,id067,042,Ложись!
067,id067,043,
067,id067,044,"Пальмы, рестораны, мотели, море, море, мотели, рестораны, пальмы... Еще пара нед"
067,id067,045,"Может чем болтать, лучше подумаем, как побыстрее здесь все закончить и вернутьс"
067,id067,046,Люблю учиться!
067,id067,047,
067,id067,048,
067,id067,049,
067,id067,050,
067,id067,051,"Симон, мы с тобой из любой передряги выберемся, верно?"
067,id067,052,Этот парень слишком много из себя корчит.
067,id067,053,"Так держать, коллега!"
067,id067,054,
067,id067,055,
067,id067,056,
067,id067,057,С таким снаряжением эта задача невыполнима.
067,id067,058,Всегда приятно поговорить с умным человеком.
067,id067,059,Здесь что-то слишком тихо...
067,id067,060,Я бы пока не торопилась расслабляться.
067,id067,061,Ух ты! Классная штука! Но набор отмычек лучше.
067,id067,062,"Пока, даун."
067,id067,063,
067,id067,064,"Не могу сказать, что сильно огорчена. Надеюсь, ты тоже без претензий."
067,id067,065,Вот теперь тут чисто.
067,id067,066,
067,id067,067,
067,id067,068,"Ки-иска, мрр!"
067,id067,069,Неужели этот кошмар закончился? Я лично постарела лет на десять... Но мне кажетс
067,id067,070,"Кажется, мы им не понравились."
067,id067,071,
067,id067,072,
067,id067,073,Это было бы неплохо.
067,id067,074,На какой помойке ты нашел это дерьмо?
067,id067,075,"Штучка с сюрпризом. Что будем делать, начальник?"
067,id067,076,Стоп! Здесь лучше не ходите.
067,id067,077,Черт... я... не... подводная лодка.
067,id067,078,"Что дальше, умник?"
076,id076,000,Опп-а! Вижу цель.
076,id076,001,Начнем что ли?
076,id076,002,"Тю-ю! В очередь, сукины дети!"
076,id076,003,
076,id076,004,
076,id076,005,
076,id076,006,А ну тихо!
076,id076,007,
076,id076,008,
076,id076,009,
076,id076,010,
076,id076,011,Че-т нашел.
076,id076,012,"Чужое. Халява. Взять-взять! Хы! Фильм ""ДМБ"" смотрел?"
076,id076,013,"И рад бы, да стрелять нечем."
076,id076,014,Е-мое! Больно!
076,id076,015,Ваня! Ч-черт возьми! Это был лучший боец в отряде!
076,id076,016,Угр-робили пацана!
076,id076,017,
076,id076,018,
076,id076,019,В самый подходящий момент! Это хуже афганской берданки!
076,id076,020,М-мать вашу!
076,id076,021,
076,id076,022,Ч-чижики!
076,id076,023,Ты в уме?
076,id076,024,Н-неприятно.
076,id076,025,Четт я зеваю!
076,id076,026,"Выключаюсь, однако!"
076,id076,027,"И звать тебя теперь ""двухсотый""!"
076,id076,028,
076,id076,029,
076,id076,030,
076,id076,031,
076,id076,032,
076,id076,033,"М-да. Зрелище то еще. А знаешь, с вертолета этого дерьма не видно."
076,id076,034,
076,id076,035,Все. Сделал.
076,id076,036,"Никак нет, товарищ генерал!"
076,id076,037,
076,id076,038,
076,id076,039,"Видал я уродов, но чтоб настолько..."
076,id076,040,Да-а! С таким командиром навоюешь пожалуй!
076,id076,041,Время покажет. Но вродь ничего компашка.
076,id076,042,Ложись!
076,id076,043,"Может, сначала отремонтировать это барахло?"
076,id076,044,"Ну что, Вань? Доставай наши законные ""наркомовские"". Не поверю, что у тебя нет с"
076,id076,045,"Ну, до дяди ему далеко... Но паренек толковый."
076,id076,046,Прям... расту над собой!
076,id076,047,А ты еще раз подумай!
076,id076,048,"Стареем, что ли? Да ну, быть не может!"
076,id076,049,
076,id076,050,
076,id076,051,Силен! Уважаю!
076,id076,052,Ну вот! А все скромничал!
076,id076,053,"Отлично, землячок!"
076,id076,054,
076,id076,055,
076,id076,056,
076,id076,057,Ты знаешь... никак!
076,id076,058,А хорошие люди есть не только в России!
076,id076,059,"Пару ""шмелей"" бы сюда на зачистку... Ну да придется самим."
076,id076,060,Этт еще не все!
076,id076,061,"Хм! Неп-плохо, неп-плохо!"
076,id076,062,Обратно мой...
076,id076,063,
076,id076,064,Что? Да пошел ты!
076,id076,065,И сразу тихо так стало! Хор-рошо!
076,id076,066,
076,id076,067,
076,id076,068,"Эх... Ну, здравствуй, Мурзик!"
076,id076,069,
076,id076,070,Странные люди! И че этт они ушли в разгар веселья?
076,id076,071,Меня не кантовать... При пожаре выносить первым...
076,id076,072,"Ну вот, а теперь и повоевать можно!"
076,id076,073,Во-во дело говоришь!
076,id076,074,Хм! Нн-е понял!
076,id076,075,Та-ак! Ща разберемся!
076,id076,076,Консервы. С начинкой. Не нарвись!
076,id076,077,А вот эт-то уже хуже! Никогда не завидовал Чапаеву!
076,id076,078,Ну че? Посадку давай!
